{
    "navigationBarTitleText": "心理百科",
    "usingComponents": {
        "van-search": "../../miniprogram_npm/@vant/weapp/search/index",
        "van-image": "../../miniprogram_npm/@vant/weapp/image/index",
        "TheSwiper": "../../components/TheSwiper/index",
        "TabHeader": "../../components/TabHeader/index",
        "TabContent": "../../components/TabContent/index",
        "LoginBtn": "../../components/LoginBtn/LoginBtn",
        "mini-player": "../../components/MiniPlayer/MiniPlayer",
        "root": "../../components/Root/Root"
    },
    "navigationStyle": "custom"
}