{"entryPagePath":"pages/Discover.html","pages":["pages/Discover","pages/Follow","pages/Notify","pages/Me","pages/Tag","pages/Post","pages/Posts","pages/User","pages/Users"],"page":{"pages/Discover.html":{"window":{}},"pages/Follow.html":{"window":{}},"pages/Notify.html":{"window":{}},"pages/Me.html":{"window":{}},"pages/Tag.html":{"window":{}},"pages/Post.html":{"window":{}},"pages/Posts.html":{"window":{}},"pages/User.html":{"window":{}},"pages/Users.html":{"window":{}}},"permission":{"scope.userLocation":{"desc":"作品中展示"}},"global":{"window":{"navigationStyle":"custom","onReachBottomDistance":80,"backgroundColor":"#ffffff","navigationBarTextStyle":"black"}},"tabBar":{"custom":true,"list":[{"pagePath":"pages/Discover.html"},{"pagePath":"pages/Follow.html"},{"pagePath":"pages/Notify.html"},{"pagePath":"pages/Me.html"}]},"darkmode":true,"renderer":{"allUsed":["webview"],"default":"webview"}}