{
    "navigationBarTitleText": "我的测评",
    "usingComponents": {
        "van-tab": "../../miniprogram_npm/@vant/weapp/tab/index",
        "van-tabs": "../../miniprogram_npm/@vant/weapp/tabs/index",
        "van-image": "../../miniprogram_npm/@vant/weapp/image/index",
        "exam-order-item": "../../components/ExamOrderItem/ExamOrderItem",
        "star-card": "./components/StarCard/StarCard",
        "mini-player": "../../components/MiniPlayer/MiniPlayer",
        "root": "../../components/Root/Root"
    },
    "navigationStyle": "custom"
}