{
    "navigationBarTitleText": "我的百科",
    "usingComponents": {
        "van-tab": "../../miniprogram_npm/@vant/weapp/tab/index",
        "van-tabs": "../../miniprogram_npm/@vant/weapp/tabs/index",
        "encyclopedia-star-item": "../../components/EncyclopediaStarItem/EncyclopediaStarItem",
        "encyclopedia-like-item": "../../components/EncyclopediaLikeItem/EncyclopediaLikeItem",
        "encyclopedia-focus-item": "../../components/EncyclopediaFocusItem/EncyclopediaFocusItem",
        "mini-player": "../../components/MiniPlayer/MiniPlayer",
        "root": "../../components/Root/Root"
    },
    "navigationStyle": "custom"
}