{
    "component": true,
    "usingComponents": {
        "custom-modal": "/pro/pages/components/custom-modal/custom-modal",
        "search-bar": "/pro/pages/components/search-bar/search-bar",
        "group-icon": "/pro/pages/components/group-icon/group-icon",
        "share-activity": "/pro/pages/homepage/components/share-activity/share-activity",
        "poster": "/pro/pages/components/import-poster/index",
        "customer-service-entry-smart": "/pro/pages/components/customer-service-entry-smart/customer-service-entry-smart",
        "custom-actionsheet": "/pro/pages/components/custom-actionsheet/custom-actionsheet"
    }
}