{
    "component": true,
    "usingComponents": {
        "t-navbar": "../../miniprogram_npm/tdesign-miniprogram/navbar/navbar",
        "t-button": "../../miniprogram_npm/tdesign-miniprogram/button/button",
        "t-dialog": "../../miniprogram_npm/tdesign-miniprogram/dialog/dialog",
        "t-icon": "../../miniprogram_npm/tdesign-miniprogram/icon/icon",
        "t-popup": "../../miniprogram_npm/tdesign-miniprogram/popup/popup",
        "t-tag": "../../miniprogram_npm/tdesign-miniprogram/tag/tag",
        "t-message": "../../miniprogram_npm/tdesign-miniprogram/message/message"
    },
    "navigationStyle": "custom",
    "navigationBarTitleText": "微信红包封面详情",
    "enablePullDownRefresh": true
}