{
    "navigationBarTitleText": "我的",
    "usingComponents": {
        "history-player": "/components/history-player/history-player",
        "player-bar": "/components/player-bar/player-bar",
        "album-corner": "/components/album-corner/album-corner",
        "vip-ad": "./components/vip-ad/vip-ad",
        "price-modal": "/components/price-modal/price-modal",
        "subscribe-tip": "/components/subscribe-tip/subscribe-tip",
        "open-setting-modal": "/components/open-setting-modal/open-setting-modal",
        "sub-tip-modal": "/components/minepage-sub-modal/minepage-sub-modal",
        "global-mask": "/components/global-mask/global-mask",
        "ad-widget": "/components/global-ad-widget/global-ad-widget",
        "error-guide-modal": "/components/error-guide-modal/error-guide-modal"
    }
}