{"entryPagePath":"pages/index/index.html","pages":["pages/index/index","pages/showBoard/showBoard","pages/guide/guide","pages/agreement/agreement","pages/emoji/emoji","pages/saveBoard/saveboard","pages/webview/webview","pages/emojiProfile/emojiProfile"],"page":{"pages/index/index.html":{"window":{"usingComponents":{"navigation-bar":"/components/navigation/navigation","loading":"/components/loading/loading","pyq":"/components/pyq/pyq","mp-half-screen-dialog":"/miniprogram_npm/weui-miniprogram/half-screen-dialog/half-screen-dialog","nosupport":"/components/nosupport/nosupport","hot-block":"/components/hot-block/hotblock","tabs":"/components/fullTabs/fullTabs","mp-actionSheet":"/miniprogram_npm/weui-miniprogram/actionsheet/actionsheet"},"navigationStyle":"custom"}},"pages/showBoard/showBoard.html":{"window":{"usingComponents":{"hot-block":"/components/hot-block/hotblock","loading":"/components/loading/loading","navigation-bar":"/components/navigation/navigation","pyq":"/components/pyq/pyq","nosupport":"/components/nosupport/nosupport"}}},"pages/guide/guide.html":{"window":{"usingComponents":{"navigation-bar":"/components/navigation/navigation","pyq":"/components/pyq/pyq","loading":"/components/loading/loading"},"navigationStyle":"custom"}},"pages/agreement/agreement.html":{"window":{"usingComponents":{"pyq":"/components/pyq/pyq"}}},"pages/emoji/emoji.html":{"window":{"usingComponents":{"tabs":"../../components/tabs/index","face-board":"../../components/faceBoard/faceBoard","drag-to-sort":"../../components/drag-to-sort/index","drag-item":"../../components/drag-item/index","navigation-bar":"/components/navigation/navigation","custom-input":"../../components/input/input","pyq":"/components/pyq/pyq"},"navigationStyle":"custom"}},"pages/saveBoard/saveboard.html":{"window":{"usingComponents":{"comfire-board":"../../components/comfireBoard/comfireBoard","pyq":"/components/pyq/pyq"}}},"pages/webview/webview.html":{"window":{"usingComponents":{"pyq":"/components/pyq/pyq"}}},"pages/emojiProfile/emojiProfile.html":{"window":{"usingComponents":{"navigation-bar":"/components/navigation/navigation","loading":"/components/loading/loading","pyq":"/components/pyq/pyq","mp-half-screen-dialog":"/miniprogram_npm/weui-miniprogram/half-screen-dialog/half-screen-dialog","nosupport":"/components/nosupport/nosupport","hot-block":"/components/hot-block/hotblock","tabs":"/components/fullTabs/fullTabs","mp-actionSheet":"/miniprogram_npm/weui-miniprogram/actionsheet/actionsheet"},"navigationBarTitleText":""}}},"global":{"window":{"backgroundTextStyle":"light","navigationBarBackgroundColor":"#fff","navigationBarTitleText":"微信创意表情","navigationBarTextStyle":"black","navigationStyle":"default"}},"style":"v2","renderer":{"allUsed":["webview"],"default":"webview"}}