{
    "navigationBarTitleText": "VIP频道",
    "usingComponents": {
        "paid-rank-list": "/components/paid-rank-list/paid-rank-list",
        "player-bar": "/components/player-bar/player-bar",
        "price-modal": "/components/price-modal/price-modal",
        "hot-update": "/components/hot-update/index",
        "album-corner": "/components/album-corner/album-corner",
        "auto-renew-modal": "./components/auto-renew-info-modal/index",
        "global-mask": "/components/global-mask/global-mask",
        "ad-widget": "/components/global-ad-widget/global-ad-widget",
        "error-guide-modal": "/components/error-guide-modal/error-guide-modal"
    }
}