{
    "usingComponents": {
        "comment-list": "/components/comment-list/comment-list",
        "video-player": "../../miniprogram_npm/@xmly/wx-lite-video-player/video/video",
        "video-list": "./components/video-list/index",
        "video-list-panel": "./components/video-list-panel/index",
        "like-modal": "/components/like-modal/like-modal",
        "subscribe-btn": "/components/subscribe-btn/index",
        "global-mask": "/components/global-mask/global-mask",
        "ad-widget": "/components/global-ad-widget/global-ad-widget",
        "error-guide-modal": "/components/error-guide-modal/error-guide-modal"
    }
}