{
    "component": true,
    "backgroundColorTop": "#FC3431",
    "backgroundColorBottom": "#F9F9F9",
    "usingComponents": {
        "btn": "/components/btn/btn",
        "share-card": "./share-card/share-card",
        "with-auth-phone": "/components/with-auth-phone/with-auth-phone",
        "user-profile": "./user-profile/user-profile",
        "auth-modal": "/components/auth-modal/auth-modal",
        "tiger-float-win": "./tiger-float-win/tiger-float-win",
        "navbar": "/components/navbar/navbar",
        "custom-nav-bar": "/components/custom-nav-bar/custom-nav-bar",
        "weak-network": "/components/weak-network/index",
        "notice-modal": "/components/notice-modal/notice-modal"
    }
}