{
    "component": true,
    "usingComponents": {
        "chat-msg": "/components/biz/chat-msg/index",
        "inspire-header": "/components/biz/inspire-header/index",
        "chat-feedback": "/components/biz/chat-feedback/index",
        "icon": "/components/icon/index",
        "chat-prompt-list": "/components/biz/chat-prompt-list/index",
        "chat-input": "/components/chat-input/index",
        "pdf-parse": "/components/pdf-parse/index",
        "custom-instruct": "/components/biz/custom-instruct/index"
    }
}