{
    "component": true,
    "usingComponents": {
        "t-swiper": "../../miniprogram_npm/tdesign-miniprogram/swiper/swiper",
        "t-navbar": "../../miniprogram_npm/tdesign-miniprogram/navbar/navbar",
        "t-grid": "../../miniprogram_npm/tdesign-miniprogram/grid/grid",
        "t-grid-item": "../../miniprogram_npm/tdesign-miniprogram/grid-item/grid-item",
        "t-dropdown-menu": "../../miniprogram_npm/tdesign-miniprogram/dropdown-menu/dropdown-menu",
        "t-dropdown-item": "../../miniprogram_npm/tdesign-miniprogram/dropdown-item/dropdown-item",
        "list-three": "./list-three/list",
        "t-loading": "../../miniprogram_npm/tdesign-miniprogram/loading/loading",
        "t-back-top": "../../miniprogram_npm/tdesign-miniprogram/back-top/back-top",
        "t-message": "../../miniprogram_npm/tdesign-miniprogram/message/message"
    },
    "enablePullDownRefresh": true,
    "navigationStyle": "custom",
    "navigationBarTitleText": "封面派"
}