{
    "enablePullDownRefresh": true,
    "backgroundTextStyle": "dark",
    "navigationStyle": "default",
    "navigationBarTitleText": "账本管理",
    "usingComponents": {
        "mp-cells": "/miniprogram_npm/weui-miniprogram/cells/cells",
        "mp-cell": "/miniprogram_npm/weui-miniprogram/cell/cell",
        "mp-actionSheet": "/miniprogram_npm/weui-miniprogram/actionsheet/actionsheet",
        "mp-half-screen-dialog": "/miniprogram_npm/weui-miniprogram/half-screen-dialog/half-screen-dialog",
        "navigation-bar": "/components/navigation-bar/navigation-bar"
    }
}