{
    "usingComponents": {
        "yoda-component": "./../../component/yoda/yoda",
        "mtgroup-dialog": "../../../../../../components/mtgroup-dialog/index",
        "mtgroup-toast": "../../../../../../components/mtgroup-toast/index",
        "mtgroup-privacy-dialog": "../../../../../../components/mtgroup-privacy-dialog/index"
    },
    "navigationBarBackgroundColor": "#eee",
    "navigationBarTextStyle": "black",
    "navigationBarTitleText": "验证中心",
    "backgroundColor": "#fff",
    "backgroundTextStyle": "dark",
    "disableScroll": true
}