{"subPackages":[{"root":"pagesA/"},{"root":"pagesB/"}],"entryPagePath":"pages/login/component.html","pages":["pages/login/component","pages/xiey/component","pages/xiey2/component","pages/order/component","pages/sfOrder/component","pages/Personalauthentication/component","pages/orderRefund/component","pages/creEnd/component","pages/addSerpro/component","pages/Paymentaccount/component","pages/Enterprisecertification/component","pages/EnterFication2/component","pages/setInfo/component","pages/setCount/component","pages/switchStatus/component","pages/my/component","pages/bindShop/component","pages/shopInfo/component","pages/financial/component","pages/serProviders/component","pages/zhuce/component","pages/orderCancel/component","pages/forgotPassword/component","pages/serproDetail/component","pages/orderDetail/component","pages/sfDetail/component","pages/applyOk/component","pages/applyFws/component","pages/fwjl/component","custom-tab-bar/index","pagesA/choosegys/component","pagesA/fws_Orderlist/component","pagesA/addorder/component","pagesA/addSales/component","pagesA/editorder/component","pagesA/okaddOrder/component","pagesA/gys_list/component","pagesA/allocation/component","pagesA/withdrawals/component","pagesA/handleWithdraw/component","pagesA/innerCount/component","pagesA/indexDetail/index","pagesB/remit/component","pagesB/goldRecord/component","pagesB/rujin/component","pagesB/orderList/component","pagesB/yejiList/component","pagesB/renyuanList/component","pagesB/custoList/component","pagesB/withdrawals/component","pagesB/gys_detail/component","pagesB/resPage/index","pagesB/upPaypassword/index","pagesB/changeUserNumber/index","pagesB/changegrrz/component","pagesB/changgsrz1/component","pagesB/changegsrz2/component","pagesB/invoice/invoice","pagesB/editsales/editsales","pagesB/cusmothlist/index","pagesB/renyuandetail/index","pagesB/rycomlist/index"],"page":{"pages/login/component.html":{"window":{"component":true}},"pages/xiey/component.html":{"window":{"component":true,"navigationBarTitleText":"服务协议"}},"pages/xiey2/component.html":{"window":{"component":true,"navigationBarTitleText":"服务协议"}},"pages/order/component.html":{"window":{"component":true,"navigationBarTitleText":"订单","enablePullDownRefresh":true,"onReachBottomDistance":50}},"pages/sfOrder/component.html":{"window":{"component":true,"navigationBarTitleText":"订单"}},"pages/Personalauthentication/component.html":{"window":{"component":true,"navigationBarTitleText":"个人认证"}},"pages/orderRefund/component.html":{"window":{"component":true,"navigationBarTitleText":"订单详情"}},"pages/creEnd/component.html":{"window":{"component":true,"navigationBarTitleText":"企业认证"}},"pages/addSerpro/component.html":{"window":{"component":true}},"pages/Paymentaccount/component.html":{"window":{"component":true,"navigationBarTitleText":"资金账户"}},"pages/Enterprisecertification/component.html":{"window":{"component":true,"navigationBarTitleText":"企业认证"}},"pages/EnterFication2/component.html":{"window":{"component":true,"navigationBarTitleText":"企业认证"}},"pages/setInfo/component.html":{"window":{"component":true,"navigationBarTitleText":"信息设置","enablePullDownRefresh":true}},"pages/setCount/component.html":{"window":{"component":true,"navigationBarTitleText":"佣金设置"}},"pages/switchStatus/component.html":{"window":{"component":true,"navigationBarTitleText":"切换身份"}},"pages/my/component.html":{"window":{"component":true,"navigationBarTitleText":"我的"}},"pages/bindShop/component.html":{"window":{"component":true,"navigationBarTitleText":"添加店铺"}},"pages/shopInfo/component.html":{"window":{"component":true,"navigationBarTitleText":"创建订单"}},"pages/financial/component.html":{"window":{"component":true,"navigationBarTitleText":"财务"}},"pages/serProviders/component.html":{"window":{"component":true,"navigationBarTitleText":"服务商"}},"pages/zhuce/component.html":{"window":{"component":true,"navigationBarTitleText":"注册"}},"pages/orderCancel/component.html":{"window":{"component":true,"navigationBarTitleText":"订单详情"}},"pages/forgotPassword/component.html":{"window":{"component":true,"navigationBarTitleText":"忘记密码"}},"pages/serproDetail/component.html":{"window":{"component":true,"navigationBarTitleText":"服务商"}},"pages/orderDetail/component.html":{"window":{"component":true,"navigationBarTitleText":"订单详情"}},"pages/sfDetail/component.html":{"window":{"component":true,"navigationBarTitleText":"订单详情"}},"pages/applyOk/component.html":{"window":{"component":true,"navigationBarTitleText":"申请服务商"}},"pages/applyFws/component.html":{"window":{"component":true,"navigationBarTitleText":"申请服务商"}},"pages/fwjl/component.html":{"window":{"component":true,"navigationBarTitleText":"服务记录"}},"custom-tab-bar/index.html":{"window":{}},"pagesA/choosegys/component.html":{"window":{"component":true,"navigationBarTitleText":"选择供应商"}},"pagesA/fws_Orderlist/component.html":{"window":{"component":true,"navigationBarTitleText":"订单","enablePullDownRefresh":true,"onReachBottomDistance":50}},"pagesA/addorder/component.html":{"window":{"component":true,"navigationBarTitleText":"创建订单"}},"pagesA/addSales/component.html":{"window":{"component":true,"navigationBarTitleText":"添加销售"}},"pagesA/editorder/component.html":{"window":{"component":true,"navigationBarTitleText":"修改订单"}},"pagesA/okaddOrder/component.html":{"window":{"component":true,"navigationBarTitleText":"完成"}},"pagesA/gys_list/component.html":{"window":{"component":true,"navigationBarTitleText":"添加供应商"}},"pagesA/allocation/component.html":{"window":{"component":true,"navigationBarTitleText":"收款账户"}},"pagesA/withdrawals/component.html":{"window":{"component":true,"navigationBarTitleText":"提现账户"}},"pagesA/handleWithdraw/component.html":{"window":{"navigationBarTitleText":"提现账户"}},"pagesA/innerCount/component.html":{"window":{"component":true,"navigationBarTitleText":"提现账户"}},"pagesA/indexDetail/index.html":{"window":{}},"pagesB/remit/component.html":{"window":{"component":true,"navigationBarTitleText":"财务打款"}},"pagesB/goldRecord/component.html":{"window":{"component":true,"navigationBarTitleText":"入金账户"}},"pagesB/rujin/component.html":{"window":{"component":true,"navigationBarTitleText":"入金"}},"pagesB/orderList/component.html":{"window":{"component":true,"navigationBarTitleText":"供应商订单"}},"pagesB/yejiList/component.html":{"window":{"component":true,"navigationBarTitleText":"业绩"}},"pagesB/renyuanList/component.html":{"window":{"component":true,"navigationBarTitleText":"人员"}},"pagesB/custoList/component.html":{"window":{"component":true,"navigationBarTitleText":"客户"}},"pagesB/withdrawals/component.html":{"window":{}},"pagesB/gys_detail/component.html":{"window":{"component":true,"navigationBarTitleText":"供应商"}},"pagesB/resPage/index.html":{"window":{"navigationBarTitleText":"认证详情"}},"pagesB/upPaypassword/index.html":{"window":{"navigationBarTitleText":"修改支付密码"}},"pagesB/changeUserNumber/index.html":{"window":{"component":true,"navigationBarTitleText":"换绑"}},"pagesB/changegrrz/component.html":{"window":{"component":true,"navigationBarTitleText":"个人认证信息修改"}},"pagesB/changgsrz1/component.html":{"window":{"component":true,"navigationBarTitleText":"企业认证信息修改"}},"pagesB/changegsrz2/component.html":{"window":{"component":true,"navigationBarTitleText":"企业认证信息修改"}},"pagesB/invoice/invoice.html":{"window":{"navigationBarTitleText":"汇头企服"}},"pagesB/editsales/editsales.html":{"window":{}},"pagesB/cusmothlist/index.html":{"window":{}},"pagesB/renyuandetail/index.html":{"window":{}},"pagesB/rycomlist/index.html":{"window":{"component":true,"navigationBarTitleText":"入金账户"}}},"global":{"window":{"backgroundTextStyle":"dark","navigationBarBackgroundColor":"#fff","navigationBarTitleText":"汇头企服","navigationBarTextStyle":"black"}},"tabBar":{"custom":true,"list":[{"pagePath":"pages/order/component.html","text":"订单"},{"pagePath":"pages/serProviders/component.html","text":"服务商"},{"pagePath":"pages/financial/component.html","text":"财务"},{"pagePath":"pages/my/component.html","text":"我的"}]},"renderer":{"allUsed":["webview"],"default":"webview"}}