{
    "navigationStyle": "custom",
    "enablePullDownRefresh": true,
    "usingComponents": {
        "mp-half-screen-dialog": "/miniprogram_npm/weui-miniprogram/half-screen-dialog/half-screen-dialog",
        "mp-actionSheet": "/miniprogram_npm/weui-miniprogram/actionsheet/actionsheet",
        "mp-tabs": "../../miniprogram_npm/@miniprogram-component-plus/tabs/index",
        "empty": "/components/empty/index",
        "my-button": "/components/myButton/index",
        "term-confirm-dialog": "/components/termConfirmDialog/index",
        "network-error": "/components/networkError/index",
        "navbar": "/components/navbar/index",
        "divider": "/components/divider/index",
        "loading-tip": "/components/loadingTip/index",
        "invite-code-dialog": "/components/inviteCodeDialog/index",
        "confirm-dialog": "/components/confirmDialog/index",
        "charge-dialog": "/components/chargeDialog/index",
        "reset-confirm-dialog": "/components/resetConfirmDialog/index",
        "confirm-modal": "/components/confirmModal/index",
        "app-guide-modal": "/components/appGuideModal/index",
        "app-reset-guide-modal": "/components/appResetGuideModal/index",
        "feedback": "/components/feedback/index",
        "photo-list": "/pages/index/components/photoList/index",
        "album-list": "/pages/index/components/albumList/index"
    }
}