{
    "navigationBarTitleText": "我的证书",
    "enablePullDownRefresh": false,
    "usingComponents": {
        "u-empty": "/uview-ui/components/u-empty/u-empty",
        "u-popup": "/uview-ui/components/u-popup/u-popup",
        "u-parse": "/uview-ui/components/u-parse/u-parse",
        "zaddress": "/components/zaddress",
        "dwselect": "/components/dwselect",
        "zsshow": "/components/zsshow",
        "canvasimage": "/components/canvasimage",
        "city-select": "/components/u-city-select"
    }
}