{
    "usingComponents": {
        "u-popup": "/uview-ui/components/u-popup/u-popup",
        "u-tabs": "/uview-ui/components/u-tabs/u-tabs",
        "u-cell-group": "/uview-ui/components/u-cell-group/u-cell-group",
        "u-cell-item": "/uview-ui/components/u-cell-item/u-cell-item",
        "u-icon": "/uview-ui/components/u-icon/u-icon",
        "zaddress": "/components/zaddress",
        "dwselect": "/components/dwselect",
        "zsshow": "/components/zsshow",
        "canvasimage": "/components/canvasimage",
        "city-select": "/components/u-city-select"
    },
    "component": true
}