{
    "navigationBarTitleText": "广播列表",
    "disableScroll": true,
    "navigationBarBackgroundColor": "#ffffff",
    "navigationBarTextStyle": "white",
    "navigationStyle": "custom",
    "usingComponents": {
        "homepage-list": "/components/homepage-components/homepage-list/homepage-list",
        "search-radio-list": "/components/radio-components/search-radio-list/search-radio-list",
        "player-bar": "/components/player-bar/player-bar",
        "radio-nav-bar": "/components/radio-components/nav-bar/nav-bar",
        "global-mask": "/components/global-mask/global-mask",
        "ad-widget": "/components/global-ad-widget/global-ad-widget",
        "error-guide-modal": "/components/error-guide-modal/error-guide-modal"
    }
}