{
    "component": true,
    "usingComponents": {
        "van-popup": "../popup/index",
        "options": "./options",
        "van-action-sheet": "/./miniprogram_npm/@vant/weapp/action-sheet/index",
        "van-button": "/./miniprogram_npm/@vant/weapp/button/index",
        "van-cell": "/./miniprogram_npm/@vant/weapp/cell/index",
        "van-cell-group": "/./miniprogram_npm/@vant/weapp/cell-group/index",
        "van-icon": "/./miniprogram_npm/@vant/weapp/icon/index",
        "van-radio": "/../../miniprogram_npm/@vant/weapp/radio/index",
        "van-radio-group": "/../../miniprogram_npm/@vant/weapp/radio-group/index"
    }
}