{
    "usingComponents": {
        "navigation-bar": "/components/navigation/navigation",
        "loading": "/components/loading/loading",
        "pyq": "/components/pyq/pyq",
        "mp-half-screen-dialog": "/miniprogram_npm/weui-miniprogram/half-screen-dialog/half-screen-dialog",
        "nosupport": "/components/nosupport/nosupport",
        "hot-block": "/components/hot-block/hotblock",
        "tabs": "/components/fullTabs/fullTabs",
        "mp-actionSheet": "/miniprogram_npm/weui-miniprogram/actionsheet/actionsheet"
    },
    "navigationBarTitleText": ""
}