{
    "usingComponents": {
        "player-list": "./components/player-list/player-list",
        "tabs": "../../individual/components/tabs/index",
        "navbar": "./components/navbar-custom/index",
        "post-item": "../../individual/components/post-item-profile/index",
        "Popup": "../../../components/popup/index",
        "waterfall-comp": "../../../components/waterfall-comp/index",
        "waterfall-item": "../../feeds/components/waterfall-item/index",
        "lx-module": "../../../components/lx-module/index",
        "user-album": "./components/user-album/index",
        "user-basic-info": "./components/user-basic-info/index",
        "tip": "./components/tip/index",
        "user-login": "./components/user-login/index",
        "Overlay": "../../../components/overlay/index",
        "mtgroup-dialog": "../../../components/mtgroup-dialog/index",
        "mtgroup-toast": "../../../components/mtgroup-toast/index",
        "mtgroup-privacy-dialog": "../../../components/mtgroup-privacy-dialog/index"
    },
    "navigationBarTitleText": "",
    "navigationBarTextStyle": "white",
    "navigationStyle": "custom",
    "enablePullDownRefresh": true,
    "navigationBarBackgroundColor": "#111111",
    "backgroundColor": "#111111"
}