{
    "navigationBarTitleText": "我的",
    "enablePullDownRefresh": false,
    "navigationStyle": "custom",
    "usingComponents": {
        "main-content": "/pages/my/components/MainContent/index",
        "circle": "/pages/components/Circle/index",
        "link-container": "/pages/components/LinkContainer/index",
        "link-item": "/pages/components/LinkContainer/LinkItem/index",
        "user-profile": "/pages/my/components/UserProfile/index",
        "gap": "/components/Gap/index"
    }
}