{
    "navigationBarTitleText": "潮汐睡眠",
    "backgroundColor": "#092f56",
    "usingComponents": {
        "tabs": "/components/tabs/tabs",
        "scenelist": "/components/scenelist/scenelist",
        "planet": "/components/planet/planet",
        "timepicker": "/components/timepicker/timepicker",
        "shareactionsheet": "/components/shareactionsheet/shareactionsheet",
        "disc": "/components/disc/disc",
        "cd": "/components/cd/cd",
        "waves": "/components/waves/waves",
        "grip": "/components/grip/grip"
    },
    "disableScroll": true
}