{
    "component": true,
    "usingComponents": {
        "top-tips": "/pro/pages/components/top-tips/top-tips",
        "navbar": "/pro/pages/components/navbar/navbar",
        "custom-modal": "/pro/pages/components/custom-modal/custom-modal",
        "list-loading": "/pro/pages/components/list-loading/list-loading",
        "service-button-set": "/pro/pages/components/service-button-set/service-button-set",
        "customer-service-entry-smart": "/pro/pages/components/customer-service-entry-smart/customer-service-entry-smart",
        "custom-toast": "/pro/pages/components/custom-toast/custom-toast",
        "no-data-tips": "/pro/pages/components/no-data-tips/no-data-tips",
        "agreement-modal": "/pro/pages/components/agreement-modal/agreement-modal",
        "fake-separate-marquee-tip": "/pro/pages/components/fake-separate-marquee-tip/fake-separate-marquee-tip"
    }
}