{"light":{"navBgColor":"#fff","navTxtStyle":"black","bgColor":"#ffffff","bgTxtStyle":"light","bgColorTop":"#eeeeee","bgColorBottom":"#efefef"},"dark":{"navBgColor":"#242627","navTxtStyle":"white","bgColor":"#1f1f1f","bgTxtStyle":"dark","bgColorTop":"#191919","bgColorBottom":"#1f1f1f"},"themeLocation":"theme.json","navigationBarBackgroundColor":"@navBgColor","backgroundColor":"@bgColor","backgroundColorTop":"@bgColorTop","backgroundColorBottom":"@bgColorBottom","navigationBarTitleText":"","navigationBarTextStyle":"@navTxtStyle"}