{
    "enablePullDownRefresh": true,
    "navigationBarTitleText": "",
    "navigationStyle": "custom",
    "usingComponents": {
        "app-index": "/components/page-component/index/app-index",
        "app-diy-page": "/components/page-component/index/app-diy-page",
        "app-buy-prompt": "/components/page-component/app-buy-prompt/app-buy-prompt",
        "app-my-app": "/components/page-component/app-my-app/app-my-app",
        "app-nav-bar": "/components/page-component/index/app-nav-bar",
        "u-attr": "/components/page-component/goods/u-attr",
        "app-swiper": "/components/page-component/app-swiper/app-swiper",
        "u-swiper": "/components/page-component/app-swiper/swiper",
        "app-button": "/components/basic-component/app-button/app-button",
        "app-form-id": "/components/basic-component/app-form-id/app-form-id",
        "app-layout": "/components/basic-component/app-layout/app-layout",
        "app-input": "/components/basic-component/app-input/app-input",
        "app-jump-button": "/components/basic-component/app-jump-button/app-jump-button",
        "app-load-text": "/components/basic-component/app-load-text/app-load-text",
        "app-image": "/components/basic-component/app-image/app-image",
        "app-member-price": "/components/page-component/app-member-mark/app-member-price",
        "app-sup-vip": "/components/page-component/app-sup-vip/app-sup-vip"
    }
}