{
    "navigationStyle": "custom",
    "usingComponents": {
        "v-tabs": "/components/v-tabs/v-tabs",
        "uni-nav-bar": "/components/third/uni-nav-bar",
        "goods": "/components/goods/index",
        "goods-car": "/components/goods/goods-car",
        "spec": "/components/goods/spec",
        "load": "/components/common/load",
        "mg-popup": "/components/common/popup",
        "mg-modal": "/components/common/modal",
        "jzz": "/components/common/jzz",
        "tips": "/components/common/tips",
        "mg-swiper": "/components/common/functionCmp/swiper",
        "tcyhq": "/components/template/tcyhq",
        "tcgg": "/components/template/tcgg",
        "store-info": "/components/goods/store/store-info",
        "store-shop": "/components/goods/store/store-shop",
        "good-item": "/yb_wm/index/components/good_item",
        "good-tab": "/yb_wm/index/components/good_tab",
        "login-sw": "/components/login/index",
        "tab-bar": "/components/common/tabbar",
        "mg-img": "/components/common/mg-img",
        "mg-cell": "/components/common/mg-cell"
    }
}