{
    "enablePullDownRefresh": true,
    "navigationStyle": "custom",
    "usingComponents": {
        "voucher": "/components/drag/voucher",
        "integral": "/components/drag/integral",
        "collect": "/components/drag/collect",
        "stores": "/components/drag/stores",
        "contact": "/components/drag/contact",
        "member": "/components/drag/member",
        "gather": "/components/drag/gather",
        "coupon": "/components/drag/coupon",
        "search-box": "/components/drag/search",
        "fixed-set": "/components/drag/fixed",
        "notice-sue": "/components/drag/notice",
        "pic-lunbo-by": "/components/drag/picLunbo",
        "btn-group": "/components/drag/btn",
        "pictures": "/components/drag/pictures",
        "titles-bar": "/components/drag/titles",
        "blank": "/components/drag/blank",
        "lines-wire": "/components/drag/lines",
        "store-message": "/components/drag/storeMessage",
        "book-text": "/components/common/functionCmp/rich-text",
        "card-tab": "/components/drag/card",
        "hot-spots": "/components/drag/hot",
        "margic-cube": "/components/drag/margic",
        "list-nav": "/components/drag/listNav",
        "discount-coupons": "/components/drag/discount",
        "product-group": "/components/drag/product",
        "ecshop-product": "/components/drag/ecshopProduct",
        "sus-btn": "/components/drag/susBtn",
        "atten-tion": "/components/drag/attenTion",
        "order-prompt": "/components/drag/remind",
        "open-list": "/components/drag/open",
        "uni-nav-bar": "/components/third/uni-nav-bar",
        "load": "/components/common/load",
        "tcyhq": "/components/template/tcyhq",
        "zx-list": "/components/drag/zx-list",
        "footc": "/components/common/footc",
        "my-balance": "/components/drag/myBalance",
        "store-evaluate": "/components/drag/store-evaluate",
        "store-couponbag": "/components/drag/store-couponbag",
        "store-information": "/components/drag/store-information",
        "custom-video": "/components/drag/custom-video",
        "att-account": "/components/drag/attAccount",
        "yszc": "/yb_wm/index/components/yszc",
        "vip-module": "/components/drag/vipModule",
        "xiao-video": "/components/drag/xiao-video",
        "login-sw": "/components/login/index",
        "tab-bar": "/components/common/tabbar",
        "mg-img": "/components/common/mg-img",
        "mg-cell": "/components/common/mg-cell"
    }
}