{
    "navigationStyle": "custom",
    "usingComponents": {
        "global-player": "/components/global-player/global-player",
        "no-network": "/components/no-network/no-network",
        "header-bar": "/components/header-bar/header-bar",
        "sleep-reminder-modal": "/components/sleep-reminder-modal/index",
        "heal-phrase-modal": "/components/heal-phrase-modal/index",
        "no-auth-modal": "/components/no-auth-modal/index",
        "subscribe-tip": "/components/subscribe-tip/index"
    },
    "disableScroll": true
}