{
    "navigationBarTitleText": "制作数字分身",
    "navigationStyle": "custom",
    "usingComponents": {
        "my-button": "/components/myButton/index",
        "mp-half-screen-dialog": "/miniprogram_npm/weui-miniprogram/half-screen-dialog/half-screen-dialog",
        "navbar": "/components/navbar/index",
        "term-confirm-dialog": "/components/termConfirmDialog/index",
        "confirm-dialog": "/components/confirmDialog/index",
        "buy-dialog": "/components/buyDialog/index",
        "front-view-upload-generator": "/pages/generate/components/frontViewUploadGenerator/index",
        "multi-angle-upload-generator": "/pages/generate/components/multiAngleUploadGenerator/index",
        "appearance-generator": "/pages/generate/components/appearanceGenerator/index",
        "appearance-select": "/pages/generate/components/appearanceSelect/index"
    }
}