{"subPackages":[{"root":"donutAuthorize__/","independent":true}],"entryPagePath":"pages/index/index.html","pages":["pages/index/index","pages/input/input","pages/start/start","pages/help/help","pages/setting/setting","pages/setting/UserAgreement/UserAgreement","pages/setting/Privacypolicy/Privacypolicy","pages/setting/About/About","pages/setting/DataRecovery/DataRecovery","pages/errors/505/505","donutAuthorize__/pages/miniProgramLoginAuthorize/miniProgramLoginAuthorize"],"page":{"pages/index/index.html":{"window":{"navigationBarTitleText":"Authenticator","disableScroll":true}},"pages/input/input.html":{"window":{"navigationBarTitleText":"Enter account details","disableScroll":true}},"pages/start/start.html":{"window":{"navigationBarTitleText":"Authenticator","disableScroll":true}},"pages/help/help.html":{"window":{"navigationBarTitleText":"Working principle","disableScroll":true}},"pages/setting/setting.html":{"window":{"navigationBarTitleText":"Settings panel","disableScroll":true}},"pages/setting/UserAgreement/UserAgreement.html":{"window":{"navigationBarTitleText":"User Agreement","disableScroll":true}},"pages/setting/Privacypolicy/Privacypolicy.html":{"window":{"navigationBarTitleText":"Privacy policy","disableScroll":true}},"pages/setting/About/About.html":{"window":{"navigationBarTitleText":"about Us","disableScroll":true}},"pages/setting/DataRecovery/DataRecovery.html":{"window":{"navigationBarTitleText":"Recycle Bin","disableScroll":true}},"pages/errors/505/505.html":{"window":{"navigationBarTitleText":"505","disableScroll":true}},"donutAuthorize__/pages/miniProgramLoginAuthorize/miniProgramLoginAuthorize.html":{"window":{}}},"global":{"window":{"navigationBarBackgroundColor":"#333333","navigationBarTitleText":"身份验证器","backgroundColor":"#666666","backgroundTextStyle":"dark","navigationStyle":"custom","navigationBarTextStyle":"white"}},"resizable":true,"miniApp":{"useAuthorizePage":true},"darkmode":true,"renderer":{"allUsed":["webview"],"default":"webview"}}