{
    "component": true,
    "usingComponents": {
        "header": "./components/header/index",
        "month": "./components/month/index",
        "van-button": "../button/index",
        "van-popup": "../popup/index",
        "van-toast": "../toast/index",
        "van-action-sheet": "/./miniprogram_npm/@vant/weapp/action-sheet/index",
        "van-cell": "/./miniprogram_npm/@vant/weapp/cell/index",
        "van-cell-group": "/./miniprogram_npm/@vant/weapp/cell-group/index",
        "van-icon": "/./miniprogram_npm/@vant/weapp/icon/index",
        "van-radio": "/../../miniprogram_npm/@vant/weapp/radio/index",
        "van-radio-group": "/../../miniprogram_npm/@vant/weapp/radio-group/index"
    }
}