{
    "navigationBarTitleText": "精品",
    "usingComponents": {
        "homepage-list": "/components/homepage-components/homepage-list/homepage-list",
        "paid-rank-list": "/components/paid-rank-list/paid-rank-list",
        "feed-list": "/components/feed-list/feed-list",
        "player-bar": "/components/player-bar/player-bar",
        "price-modal": "/components/price-modal/price-modal",
        "homepage-hot": "/components/homepage-components/homepage-hot/homepage-hot",
        "global-mask": "/components/global-mask/global-mask",
        "ad-widget": "/components/global-ad-widget/global-ad-widget",
        "error-guide-modal": "/components/error-guide-modal/error-guide-modal"
    }
}