{
    "usingComponents": {
        "individual-info": "../components/individual-info/index",
        "tabs": "../components/tabs/index",
        "post-item": "../components/post-item/index",
        "navbar": "../../user-profile/index/components/navbar-custom/index",
        "waterfall-comp": "../../../components/waterfall-comp/index",
        "waterfall-item": "../../feeds/components/waterfall-item/index",
        "lx-module": "../../../components/lx-module/index",
        "user-album": "../../user-profile/index/components/user-album/index",
        "user-basic-info": "../../user-profile/index/components/user-basic-info/index",
        "mtgroup-dialog": "../../../components/mtgroup-dialog/index",
        "mtgroup-toast": "../../../components/mtgroup-toast/index",
        "mtgroup-privacy-dialog": "../../../components/mtgroup-privacy-dialog/index"
    },
    "navigationBarTitleText": "",
    "navigationStyle": "custom",
    "enablePullDownRefresh": true,
    "navigationBarBackgroundColor": "#111111",
    "backgroundColor": "#111111"
}