{
    "usingComponents": {
        "van-dialog": "/components/vant/miniprogram_npm/vant-weapp/dialog/index",
        "van-field": "/components/vant/miniprogram_npm/vant-weapp/field/index",
        "van-popup": "/components/vant/miniprogram_npm/vant-weapp/popup/index",
        "van-cell": "/components/vant/miniprogram_npm/vant-weapp/cell/index",
        "van-cell-group": "/components/vant/miniprogram_npm/vant-weapp/cell-group/index",
        "van-tab": "/components/vant/miniprogram_npm/vant-weapp/tab/index",
        "van-tabs": "/components/vant/miniprogram_npm/vant-weapp/tabs/index"
    },
    "navigationStyle": "custom",
    "navigationBarTitleText": "题库类别"
}