{
    "backgroundTextStyle": "dark",
    "enablePullDownRefresh": true,
    "usingComponents": {
        "xc-nav-bar": "/components/nav-bar/nav-bar",
        "xc-noise-item": "/components/noise-item/noise-item",
        "xc-music-time-select": "/components/music-time-select/music-time-select",
        "xc-voice-transfer-tips": "/components/voice-transfer-tips/voice-transfer-tips",
        "xc-noise-func-plus": "/components/w-white-board/w-white-board",
        "xc-ai-voice-recognition": "/components/ai-voice-recognition/ai-voice-recognition",
        "xc-main-popup-ad": "/components/main-popup-ad/main-popup-ad"
    }
}