{
    "navigationBarTitleText": "",
    "navigationStyle": "custom",
    "disableScroll": true,
    "handleWebviewPreload": "manual",
    "usingComponents": {
        "base-page": "/components/base-page/index",
        "navigation-bar": "/components/navigation-bar/index",
        "swipeout": "/components/swipeout/index",
        "icon": "/components/icon/index",
        "chat": "../chat/index",
        "theme": "/components/theme/index",
        "topic": "/components/biz/topic/index",
        "model-list": "/components/model-list/index",
        "watermark": "/components/biz/watermark/index",
        "chat-input": "/components/chat-input/index",
        "chat-intro": "/components/biz/chat-intro/index",
        "pdf-parse": "/components/pdf-parse/index",
        "notice": "/components/notice/index",
        "towxml": "../../towxml/towxml",
        "copy-modal": "/components/biz/copy-modal/index"
    },
    "componentPlaceholder": {
        "towxml": "view"
    }
}