{
    "navigationBarTitleText": "系列课",
    "backgroundColor": "#17283D",
    "disableScroll": true,
    "usingComponents": {
        "form-id-reporter": "/components/formIdReporter/formIdReporter",
        "custom-nav": "/components/customNavigation/index",
        "title-block": "/components/titleBlock/titleBlock",
        "custom-confirm": "/components/customConfirm/index",
        "share-img": "/components/shareImg/shareImg",
        "share-select": "/components/shareSelect/shareSelect",
        "course-card": "/components/courseCard/courseCard"
    }
}