{
    "component": true,
    "usingComponents": {
        "home-switch-customer": "/pro/pages/components/home-switch/home-switch-customer/home-switch-customer",
        "customer-sequence-list": "/pro/pages/homepage/components/customer-sequence-list/customer-sequence-list",
        "search-bar-v2": "/pro/pages/components/search-bar-v2/search-bar-v2",
        "home-switch": "/pro/pages/components/home-switch/home-switch",
        "publish-type-card": "/pro/pages/homepage/components/publish-type-card/publish-type-card",
        "user-card": "/pro/pages/homepage/components/user-card/user-card"
    }
}