{
    "usingComponents": {
        "pallet-item": "/components/pallet-item/pallet-item",
        "ad-item": "/components/ad-item/ad-item",
        "section-ad-item": "/components/section-ad-item/section-ad-item",
        "used-vessel-item": "/components/used-vessel-item/used-vessel-item",
        "official-items": "/components/official-items/official-items",
        "enterprise-items": "/components/enterprise-items/enterprise-items",
        "sailor-exam-item": "/components/sailor-exam-item/sailor-exam-item",
        "recommend-target-item": "/components/recommend-target-item/recommend-target-item",
        "weights-selector": "/components/weights-selector/weightsSelector",
        "multi-ports-selector": "/components/multi-ports-selector/multiPortsSelector",
        "search-condition": "/components/search-condition/search-condition",
        "deadbeat-block-modal": "/components/deadbeat-block-modal/deadbeat-block-modal",
        "copyright": "/components/copyright/copyright"
    },
    "enablePullDownRefresh": true
}