{
    "navigationStyle": "custom",
    "usingComponents": {
        "nav-bar": "/components/nav-bar/nav-bar",
        "player-bar": "/components/player-bar/player-bar",
        "price-modal": "/components/price-modal/price-modal",
        "homepage-list": "/components/homepage-components/homepage-list/homepage-list",
        "homepage-banner": "/components/homepage-components/homepage-banner/homepage-banner",
        "upgrade-modal": "/components/upgrade-modal/upgrade-modal",
        "add-to-my-bar": "/components/add-to-my-bar/add-to-my-bar",
        "category-panel": "/components/category-panel/category-panel",
        "homepage-historylist": "/components/homepage-components/homepage-historylist/homepage-historylist",
        "homepage-historylist-new": "/components/homepage-components/homepage-historylist-new/homepage-historylist-new",
        "feed-list": "/components/feed-list/feed-list",
        "homepage-hot-recommend": "/components/homepage-components/homepage-hot-recommend/homepage-hot-recommend",
        "homepage-channels": "/components/homepage-components/homepage-channels/index",
        "homepage-ranklist": "/components/homepage-components/homepage-ranklist/index",
        "homepage-hot": "/components/homepage-components/homepage-hot/homepage-hot",
        "daily-hot": "/pages/hotNews/components/dailyHot/index",
        "global-mask": "/components/global-mask/global-mask",
        "ad-widget": "/components/global-ad-widget/global-ad-widget",
        "error-guide-modal": "/components/error-guide-modal/error-guide-modal"
    }
}