{
    "usingComponents": {
        "van-sticky": "../../miniprogram_npm/@vant/weapp/sticky/index",
        "sale-exam-card": "./components/SaleExamCard/SaleExamCard",
        "sale-exam-row-card": "./components/SaleExamRowCard/SaleExamRowCard",
        "fixed-rule": "./components/FixedRule/FixedRule",
        "fixed-customer": "./components/FixedCustomer/FixedCustomer",
        "fixed-talk": "./components/FixedTalk/FixedTalk",
        "TheSwiper": "../../components/TheSwiper/index",
        "LoginBtn": "/components/LoginBtn/LoginBtn",
        "mp-html": "../../miniprogram_npm/mp-html/index",
        "wxml-to-canvas": "/components/wxml-to-canvas/index",
        "mini-player": "../../components/MiniPlayer/MiniPlayer",
        "root": "../../components/Root/Root"
    },
    "navigationStyle": "custom"
}