{"subPackages":[{"root":"pages/study/"}],"entryPagePath":"pages/index/index.html","pages":["pages/index/index","pages/home/home","pages/contact/contact","pages/auth/auth","pages/videos/videolist/videolist","pages/videos/play/play","pages/study/project/project","pages/study/vippay/vippay","pages/study/simulate-index/simulate-index","pages/study/sequence-index/sequence-index","pages/study/simulate/simulate","pages/study/special/special","pages/study/search/search","pages/study/personal/personal","pages/study/buycradresult/buycradresult","pages/study/vip/vip","pages/study/myvip/myvip","pages/study/search-project/search-project","pages/study/personal/agreement/agreement","pages/study/myorders/myorders","pages/study/buypayresult/buypayresult","pages/study/Actual/projects/projects","pages/study/Actual/Actual","pages/study/quick_search/quick_search","pages/study/quick_search/sreach_result/sreach_result","pages/study/personal/autonym/autonym","pages/study/quick_search/search_detail/search_detail","pages/study/question/question","pages/study/question/testresult/testresult","pages/study/personal/qrcode/qrcode","pages/study/often-index/often-index","pages/study/buycrad/paybuycard/paybuycard","pages/study/buycrad/buycard","pages/study/video-question/video-question","pages/study/question-swiper/question-swiper"],"page":{"pages/index/index.html":{"window":{}},"pages/home/home.html":{"window":{}},"pages/contact/contact.html":{"window":{"navigationBarTitleText":"人工客服"}},"pages/auth/auth.html":{"window":{}},"pages/videos/videolist/videolist.html":{"window":{"navigationBarTitleText":"实操视频"}},"pages/videos/play/play.html":{"window":{}},"pages/study/project/project.html":{"window":{"navigationBarTitleText":"题库选择"}},"pages/study/vippay/vippay.html":{"window":{"navigationBarTitleText":"VIP"}},"pages/study/simulate-index/simulate-index.html":{"window":{"navigationBarTitleText":"模拟考试"}},"pages/study/sequence-index/sequence-index.html":{"window":{"navigationBarTitleText":"顺序练习"}},"pages/study/simulate/simulate.html":{"window":{}},"pages/study/special/special.html":{"window":{}},"pages/study/search/search.html":{"window":{}},"pages/study/personal/personal.html":{"window":{"navigationBarTitleText":"个人中心"}},"pages/study/buycradresult/buycradresult.html":{"window":{"navigationBarTitleText":"会员卡"}},"pages/study/vip/vip.html":{"window":{"navigationBarTitleText":"功能说明"}},"pages/study/myvip/myvip.html":{"window":{}},"pages/study/search-project/search-project.html":{"window":{}},"pages/study/personal/agreement/agreement.html":{"window":{}},"pages/study/myorders/myorders.html":{"window":{}},"pages/study/buypayresult/buypayresult.html":{"window":{}},"pages/study/Actual/projects/projects.html":{"window":{}},"pages/study/Actual/Actual.html":{"window":{}},"pages/study/quick_search/quick_search.html":{"window":{}},"pages/study/quick_search/sreach_result/sreach_result.html":{"window":{"navigationBarTitleText":"快速搜题"}},"pages/study/personal/autonym/autonym.html":{"window":{}},"pages/study/quick_search/search_detail/search_detail.html":{"window":{}},"pages/study/question/question.html":{"window":{"disableScroll":false,"enablePullDownRefresh ":false}},"pages/study/question/testresult/testresult.html":{"window":{}},"pages/study/personal/qrcode/qrcode.html":{"window":{}},"pages/study/often-index/often-index.html":{"window":{"navigationBarTitleText":"精选练习"}},"pages/study/buycrad/paybuycard/paybuycard.html":{"window":{}},"pages/study/buycrad/buycard.html":{"window":{}},"pages/study/video-question/video-question.html":{"window":{}},"pages/study/question-swiper/question-swiper.html":{"window":{}}},"global":{"window":{"backgroundTextStyle":"light","navigationBarBackgroundColor":"#fff","navigationBarTextStyle":"black"}},"style":"v2","renderer":{"allUsed":["webview"],"default":"webview"}}