{
    "usingComponents": {
        "ship-item": "/components/ship-item/ship-item",
        "ad-item": "/components/ad-item/ad-item",
        "section-ad-item": "/components/section-ad-item/section-ad-item",
        "used-vessel-item": "/components/used-vessel-item/used-vessel-item",
        "copyright": "/components/copyright/copyright",
        "sailor-exam-item": "/components/sailor-exam-item/sailor-exam-item",
        "sandstone-item": "/components/sandstone-item/sandstone-item"
    },
    "enablePullDownRefresh": true
}