{
    "navigationBarTitleText": "36氪随身听",
    "usingComponents": {
        "player-title": "../../components/player-title/player-title",
        "progress": "../../components/progress/progress",
        "control": "../../components/control/control",
        "audio-list": "../../components/audio-list/audio-list",
        "CD-player": "../../components/CD-player/CD-player",
        "user-avatar": "../../components/user-avatar/user-avatar",
        "unfinished-module": "../../components/unfinished-module/unfinished-module"
    }
}