{
    "navigationBarTitleText": "",
    "enablePullDownRefresh": true,
    "backgroundColor": "#F4F5F7",
    "usingComponents": {
        "navbar": "/pro/pages/components/navbar/navbar",
        "page-wrapper": "/pro/pages/components/page-wrapper/page-wrapper",
        "home-navbar": "/pro/pages/components/home-navbar/home-navbar",
        "poster": "/pro/pages/components/import-poster/index",
        "custom-modal": "/pro/pages/components/custom-modal/custom-modal",
        "auth-fallback": "/pro/pages/components/wx-auth-fallback/wx-auth-fallback",
        "fake-separate-marquee-tip": "/pro/pages/components/fake-separate-marquee-tip/fake-separate-marquee-tip",
        "customer-sequence-list": "/pro/pages/homepage/components/customer-sequence-list/customer-sequence-list",
        "qunjielong-tool": "/pro/pages/components/qunjielong-tool/qunjielong-tool",
        "search-bar-v2": "/pro/pages/components/search-bar-v2/search-bar-v2",
        "search-bar": "/pro/pages/components/search-bar/search-bar",
        "operate-daily-report": "/pro/pages/components/operate-daily-report/operate-daily-report",
        "publish-type-modal": "/pro/pages/components/publish-type-modal/publish-type-modal",
        "group-icon": "/pro/pages/components/group-icon/group-icon",
        "subscribe-entrance": "/pro/pages/components/subscribe-daily-data-report/subscribe-daily-data-report",
        "header-subscription": "/pro/pages/components/header-subscription-v2/header-subscription-v2",
        "customer-service-entry": "/pro/pages/components/customer-service-entry/customer-service-entry",
        "share-poster-selector": "/pro/pages/components/share-poster-selector/share-poster-selector",
        "select-zone-modal": "/pro/pages/components/select-zone-modal/select-zone-modal",
        "tag-item": "/pro/pages/components/tag-item/tag-item",
        "virtual-list": "/pro/pages/components/virtual-list/virtual-list",
        "authorization-popup": "/pro/pages/components/authorization-popup/authorization-popup",
        "virtual-component": "/pro/pages/components/virtual-component/virtual-component",
        "home-switch": "/pro/pages/components/home-switch/home-switch",
        "user-card": "/pro/pages/homepage/components/user-card/user-card",
        "chat-customer-service-wx": "/pro/pages/components/chat-customer-service-wx/chat-customer-service-wx",
        "app-update-modal": "/pro/pages/homepage/components/app-update-modal/app-update-modal",
        "btn-copy": "/pro/pages/components/btn-copy/btn-copy",
        "no-data-tips": "/pro/pages/components/no-data-tips/no-data-tips",
        "publish-type-card": "/pro/pages/homepage/components/publish-type-card/publish-type-card",
        "dynamic-banner": "/pro/pages/components/dynamic-banner/dynamic-banner"
    },
    "backgroundColorTop": "#F4F5F7",
    "backgroundColorBottom": "#F4F5F7"
}