{
    "usingComponents": {
        "t-tag": "../../miniprogram_npm/tdesign-miniprogram/tag/tag",
        "t-avatar": "../../miniprogram_npm/tdesign-miniprogram/avatar/avatar",
        "t-cell-group": "../../miniprogram_npm/tdesign-miniprogram/cell-group/cell-group",
        "t-cell": "../../miniprogram_npm/tdesign-miniprogram/cell/cell",
        "t-icon": "../../miniprogram_npm/tdesign-miniprogram/icon/icon",
        "t-dialog": "../../miniprogram_npm/tdesign-miniprogram/dialog/dialog"
    },
    "navigationStyle": "custom"
}