{
    "component": true,
    "usingComponents": {
        "app-textarea": "/components/basic-component/app-textarea/app-textarea",
        "app-upload-image": "/components/basic-component/app-upload-image/app-upload-image",
        "app-diy-form-checkbox-group": "/components/page-component/app-diy-form/app-diy-form-checkbox-group",
        "app-radio-group": "/components/basic-component/app-radio/app-radio-group",
        "app-radio": "/components/basic-component/app-radio/app-radio",
        "app-datetime-picker": "/components/basic-component/app-datetime-picker/app-datetime-picker",
        "app-button": "/components/basic-component/app-button/app-button",
        "app-form-id": "/components/basic-component/app-form-id/app-form-id",
        "app-layout": "/components/basic-component/app-layout/app-layout",
        "app-input": "/components/basic-component/app-input/app-input",
        "app-jump-button": "/components/basic-component/app-jump-button/app-jump-button",
        "app-load-text": "/components/basic-component/app-load-text/app-load-text",
        "app-image": "/components/basic-component/app-image/app-image",
        "app-member-price": "/components/page-component/app-member-mark/app-member-price",
        "app-sup-vip": "/components/page-component/app-sup-vip/app-sup-vip"
    }
}