{
    "component": true,
    "usingComponents": {
        "weixin-parse-template": "/components/uParse/src/components/wxParseTemplate6",
        "weixin-parse-img": "/components/uParse/src/components/wxParseImg",
        "weixin-parse-video": "/components/uParse/src/components/wxParseVideo",
        "weixin-parse-audio": "/components/uParse/src/components/wxParseAudio",
        "login-sw": "/components/login/index",
        "tab-bar": "/components/common/tabbar",
        "mg-img": "/components/common/mg-img",
        "mg-cell": "/components/common/mg-cell"
    }
}