{
    "component": true,
    "backgroundColorTop": "#F9F9F9",
    "backgroundColorBottom": "#F9F9F9",
    "usingComponents": {
        "off-year-modal": "./off-year-modal/off-year-modal",
        "welfare-modal": "./welfare-modal/welfare-modal",
        "float-subscribe-button": "./float-subscribe-button/float-subscribe-button",
        "navbar": "/components/navbar/navbar",
        "custom-nav-bar": "/components/custom-nav-bar/custom-nav-bar",
        "weak-network": "/components/weak-network/index",
        "notice-modal": "/components/notice-modal/notice-modal"
    }
}