{
    "navigationBarTitleText": "设置",
    "usingComponents": {
        "price-modal": "/components/price-modal/price-modal",
        "timer-panel": "/components/timer-panel/timer-panel",
        "night-mode": "/components/night-mode/night-mode",
        "login-cancellation": "/miniprogram_npm/@xmly/lite-login_wx/components/login-cancellation/index",
        "global-mask": "/components/global-mask/global-mask",
        "ad-widget": "/components/global-ad-widget/global-ad-widget",
        "error-guide-modal": "/components/error-guide-modal/error-guide-modal"
    }
}