{
    "navigationBarTitleText": "编辑资料",
    "usingComponents": {
        "avatar-picker": "./components/avatar-picker/avatar-picker",
        "birth-picker": "./components/birth-picker/birth-picker",
        "gender-picker": "./components/gender-picker/gender-picker",
        "backroom-tag-picker": "./components/backroom-tag-picker/index",
        "ablum-editor": "./components/album-editor/index",
        "mtgroup-dialog": "../../../components/mtgroup-dialog/index",
        "mtgroup-toast": "../../../components/mtgroup-toast/index",
        "mtgroup-privacy-dialog": "../../../components/mtgroup-privacy-dialog/index"
    },
    "navigationBarBackgroundColor": "#111",
    "navigationBarTextStyle": "white"
}