{
    "component": true,
    "usingComponents": {
        "group-icon": "/pro/pages/components/group-icon/group-icon",
        "home-switch": "/pro/pages/components/home-switch/home-switch",
        "customer-service-notice": "/pro/pages/components/customer-service-notice/customer-service-notice",
        "chat-customer-service-wx": "/pro/pages/components/chat-customer-service-wx/chat-customer-service-wx",
        "sell-group-leader-help": "/pro/pages/homepage/components/sell-group-leader-help/sell-group-leader-help"
    }
}