{
    "component": true,
    "usingComponents": {
        "app-vip-card": "/components/page-component/app-vip-card/app-vip-card",
        "bd-flash-sale": "/components/page-component/goods/bd-flash-sale",
        "app-price": "/components/page-component/goods/app-price",
        "app-member-mark": "/components/page-component/app-member-mark/app-member-mark",
        "bd-join-member": "/components/page-component/goods/bd-join-member",
        "bd-quick-share": "/components/page-component/goods/bd-quick-share",
        "app-share-qr-code": "/components/page-component/app-share-qr-code-poster/app-share-qr-code-poster",
        "bd-coupon": "/components/page-component/goods/bd-coupon",
        "app-button": "/components/basic-component/app-button/app-button",
        "app-form-id": "/components/basic-component/app-form-id/app-form-id",
        "app-layout": "/components/basic-component/app-layout/app-layout",
        "app-input": "/components/basic-component/app-input/app-input",
        "app-jump-button": "/components/basic-component/app-jump-button/app-jump-button",
        "app-load-text": "/components/basic-component/app-load-text/app-load-text",
        "app-image": "/components/basic-component/app-image/app-image",
        "app-member-price": "/components/page-component/app-member-mark/app-member-price",
        "app-sup-vip": "/components/page-component/app-sup-vip/app-sup-vip"
    }
}