{
    "navigationBarTitleText": "得物App",
    "enablePullDownRefresh": true,
    "usingComponents": {
        "identifyer": "/pages/identify/components/identifyer/index",
        "qa": "/pages/identify/components/qa/index",
        "banner": "/pages/identify/components/banner/index",
        "category": "/pages/identify/components/category/index",
        "introduce": "/pages/identify/components/introduce/index",
        "online-category": "/pages/identify/components/onlinecategory/index",
        "painter": "/wxcomponents/painter/painter",
        "zan-badge": "/components/badge/badge/index",
        "uni-popup": "/components/uni-popup/uni-popup",
        "dev-panel": "/components/devPanel/index",
        "protocol-pop-up": "/pages/login/components/protocol-popup"
    }
}