{
    "navigationBarBackgroundColor": "#111111",
    "backgroundColor": "#111111",
    "navigationBarTextStyle": "white",
    "navigationBarTitleText": "选择拼场门店",
    "enablePullDownRefresh": true,
    "usingComponents": {
        "lx-module": "../../components/lx-module/index",
        "tree-select": "../../components/tree-select/index",
        "Popup": "../../components/popup/index",
        "Sticky": "../../components/sticky/index",
        "activity-publish": "../../components/activity-publish/index",
        "process-bar": "./components/process-bar/index",
        "search-shop-bar": "./components/search-shop-bar/index",
        "cate-fast-filters": "./components/cate-fast-filters/index",
        "complex-filters": "./components/complex-filters/index",
        "shop-item-card": "./components/shop-item-card/index",
        "mtgroup-dialog": "../../components/mtgroup-dialog/index",
        "mtgroup-toast": "../../components/mtgroup-toast/index",
        "mtgroup-privacy-dialog": "../../components/mtgroup-privacy-dialog/index"
    }
}