{
    "usingComponents": {
        "rich-label": "../../../components/rich-label/index",
        "lx-module": "../../../components/lx-module/index",
        "activity-publish": "../../../components/activity-publish/index",
        "mtgroup-dialog": "../../../components/mtgroup-dialog/index",
        "mtgroup-toast": "../../../components/mtgroup-toast/index",
        "mtgroup-privacy-dialog": "../../../components/mtgroup-privacy-dialog/index"
    },
    "navigationBarTitleText": "选择拼场门店",
    "navigationBarTextStyle": "white",
    "navigationBarBackgroundColor": "#111111",
    "backgroundColor": "#111111"
}