{
    "component": true,
    "usingComponents": {
        "van-icon": "../icon/index",
        "van-sidebar": "../sidebar/index",
        "van-sidebar-item": "../sidebar-item/index",
        "van-action-sheet": "/./miniprogram_npm/@vant/weapp/action-sheet/index",
        "van-button": "/./miniprogram_npm/@vant/weapp/button/index",
        "van-cell": "/./miniprogram_npm/@vant/weapp/cell/index",
        "van-cell-group": "/./miniprogram_npm/@vant/weapp/cell-group/index",
        "van-popup": "/../../miniprogram_npm/@vant/weapp/popup/index",
        "van-radio": "/../../miniprogram_npm/@vant/weapp/radio/index",
        "van-radio-group": "/../../miniprogram_npm/@vant/weapp/radio-group/index"
    }
}