{
    "navigationBarTitleText": "练习详情",
    "usingComponents": {
        "van-sticky": "../../miniprogram_npm/@vant/weapp/sticky/index",
        "van-image": "../../miniprogram_npm/@vant/weapp/image/index",
        "Comment": "../../components/Comment/Comment",
        "rich-flexible": "../../components/RichFlexible/RichFlexible",
        "header-nav": "../../components/HeaderNav/HeaderNav",
        "LoginBtn": "../../components/LoginBtn/LoginBtn",
        "fixed-customer": "./components/FixedCustomer/FixedCustomer",
        "mini-player": "../../components/MiniPlayer/MiniPlayer",
        "root": "../../components/Root/Root"
    },
    "navigationStyle": "custom"
}