{
    "navigationBarTitleText": "冥想详情",
    "usingComponents": {
        "van-sticky": "../../miniprogram_npm/@vant/weapp/sticky/index",
        "van-image": "../../miniprogram_npm/@vant/weapp/image/index",
        "Comment": "../../components/Comment/Comment",
        "rich-flexible": "../../components/RichFlexible/RichFlexible",
        "headr-nav": "../../components/HeaderNav/HeaderNav",
        "LoginBtn": "../../components/LoginBtn/LoginBtn",
        "meditation-lesson-item": "../../components/MeditationLessonItem/MeditationLessonItem",
        "mini-player": "../../components/MiniPlayer/MiniPlayer",
        "root": "../../components/Root/Root"
    },
    "navigationStyle": "custom"
}