{
    "component": true,
    "usingComponents": {
        "app-rich": "/components/basic-component/app-rich/parse",
        "app-empty": "/components/basic-component/app-empty/app-empty",
        "app-image-ad": "/components/page-component/app-image-ad/app-image-ad",
        "app-hotspot": "/components/basic-component/app-hotspot/app-hotspot",
        "app-video": "/components/page-component/app-video/app-video",
        "app-copyright": "/components/page-component/app-copyright/app-copyright",
        "app-associated-link": "/components/page-component/app-associated-link/app-associated-link",
        "app-swiper": "/components/page-component/app-swiper/app-swiper",
        "diy-form-radio": "/components/page-component/diy-form/diy-form-radio",
        "diy-form-input": "/components/page-component/diy-form/diy-form-input",
        "diy-form-button": "/components/page-component/diy-form/diy-form-button",
        "diy-form-calendar": "/components/page-component/diy-form/diy-form-calendar",
        "diy-form-menu": "/components/page-component/diy-form/diy-form-menu",
        "diy-form-phone": "/components/page-component/diy-form/diy-form-phone",
        "diy-form-time": "/components/page-component/diy-form/diy-form-time",
        "diy-form-uimage": "/components/page-component/diy-form/diy-form-uimage",
        "diy-form-uvideo": "/components/page-component/diy-form/diy-form-uvideo",
        "diy-form-switch": "/components/page-component/diy-form/diy-form-switch",
        "diy-form-agreement": "/components/page-component/diy-form/diy-form-agreement",
        "u-swiper": "/components/page-component/app-swiper/swiper",
        "app-button": "/components/basic-component/app-button/app-button",
        "app-form-id": "/components/basic-component/app-form-id/app-form-id",
        "app-layout": "/components/basic-component/app-layout/app-layout",
        "app-input": "/components/basic-component/app-input/app-input",
        "app-jump-button": "/components/basic-component/app-jump-button/app-jump-button",
        "app-load-text": "/components/basic-component/app-load-text/app-load-text",
        "app-image": "/components/basic-component/app-image/app-image",
        "app-member-price": "/components/page-component/app-member-mark/app-member-price",
        "app-sup-vip": "/components/page-component/app-sup-vip/app-sup-vip"
    }
}