{
    "navigationBarTitleText": "首页",
    "navigationBarTextStyle": "black",
    "enablePullDownRefresh": true,
    "navigationStyle": "custom",
    "usingComponents": {
        "u-icon": "/uview-ui/components/u-icon/u-icon",
        "u-loadmore": "/uview-ui/components/u-loadmore/u-loadmore",
        "u-empty": "/uview-ui/components/u-empty/u-empty",
        "dc-hiro-painter": "/components/dc-hiro-painter/dc-hiro-painter",
        "login-pop": "/components/login-pop/login-pop",
        "u-skeleton": "/uview-ui/components/u-skeleton/u-skeleton",
        "u-action-sheet": "/uview-ui/components/u-action-sheet/u-action-sheet",
        "ly-tree-node": "/pages/pageRelay/ly-tree/ly-tree-node"
    }
}