{
    "navigationBarTitleText": "积分中心",
    "usingComponents": {
        "price-modal": "/components/price-modal/price-modal",
        "album-corner": "/components/album-corner/album-corner",
        "points-daily-task": "./components/points-daily-task/points-daily-task",
        "help-modal": "./components/help-modal/help-modal",
        "top-tip-bar": "./components/top-tip-bar/top-tip-bar",
        "point-rule": "./components/point-rule/point-rule",
        "points-modal": "./components/points-modal/points-modal",
        "global-mask": "/components/global-mask/global-mask",
        "ad-widget": "/components/global-ad-widget/global-ad-widget",
        "error-guide-modal": "/components/error-guide-modal/error-guide-modal"
    }
}