{
    "usingComponents": {
        "wxml-to-canvas": "../../components/wxml-to-canvas/index",
        "mp-html": "../../miniprogram_npm/mp-html/index",
        "van-image": "../../miniprogram_npm/@vant/weapp/image/index",
        "TabContent": "../../components/TabContent/index",
        "TabHeader": "../../components/TabHeader/index",
        "LoginBtn": "../../components/LoginBtn/LoginBtn",
        "mini-player": "../../components/MiniPlayer/MiniPlayer",
        "root": "../../components/Root/Root"
    }
}