{"entryPagePath":"pages/home/home.html","pages":["pages/home/home","pages/userCenter/userCenter","pages/template/template"],"page":{"pages/home/home.html":{"window":{"navigationBarTitleText":"36氪随身听"}},"pages/userCenter/userCenter.html":{"window":{}},"pages/template/template.html":{"window":{}}},"global":{"window":{"backgroundColor":"#262626","backgroundTextStyle":"light","navigationBarBackgroundColor":"#262626","navigationBarTitleText":"36氪随身听","navigationBarTextStyle":"white"}},"networkTimeout":{"request":6000},"requiredBackgroundModes":["audio"],"darkmode":true,"renderer":{"allUsed":["webview"],"default":"webview"}}