{
    "usingComponents": {
        "index-bar": "../../npm/mtd-mp/index-bar/index",
        "index-anchor": "../../npm/mtd-mp/index-anchor/index",
        "mtgroup-dialog": "../../components/mtgroup-dialog/index",
        "mtgroup-toast": "../../components/mtgroup-toast/index",
        "mtgroup-privacy-dialog": "../../components/mtgroup-privacy-dialog/index"
    },
    "navigationBarTitleText": "切换城市",
    "navigationBarBackgroundColor": "#111111",
    "navigationBarTextStyle": "white",
    "backgroundColor": "#111111"
}