{
    "component": true,
    "usingComponents": {
        "group-icon": "/pro/pages/components/group-icon/group-icon",
        "home-switch-customer": "/pro/pages/components/home-switch/home-switch-customer/home-switch-customer",
        "virtual-list-item": "/pro/pages/components/virtual-list-item/virtual-list-item",
        "home-switch-thumbnail-group": "/pro/pages/components/home-switch/home-switch-thumbnail-group/home-switch-thumbnail-group",
        "home-switch-thumbnail-agent": "/pro/pages/components/home-switch/home-switch-thumbnail-agent/home-switch-thumbnail-agent",
        "home-switch-thumbnail-supply-leader": "/pro/pages/components/home-switch/home-switch-thumbnail-supply-leader/home-switch-thumbnail-supply-leader",
        "home-switch-thumbnail-supply-brand": "/pro/pages/components/home-switch/home-switch-thumbnail-supply-brand/home-switch-thumbnail-supply-brand",
        "home-switch-association": "/pro/pages/components/home-switch/home-switch-association/home-switch-association"
    }
}