{
    "component": true,
    "usingComponents": {
        "u-icon": "/uview-ui/components/u-icon/u-icon",
        "t-u-i-emoji": "/components/tui-chat/message-elements/emoji/index",
        "t-u-i-common-words": "/components/tui-chat/message-private/common-words/index",
        "t-u-i-order-list": "/components/tui-chat/message-private/order-list/index",
        "t-u-i-service-evaluation": "/components/tui-chat/message-private/service-evaluation/index",
        "ly-tree-node": "/pages/pageRelay/ly-tree/ly-tree-node"
    }
}