{
    "component": true,
    "usingComponents": {
        "fwsOrder": "../../components/fws_order/component",
        "yeji": "../../components/yeji/component",
        "van-cell": "../../miniprogram_npm/@vant/weapp/cell/index",
        "van-cell-group": "../../miniprogram_npm/@vant/weapp/cell-group/index",
        "van-action-sheet": "../../miniprogram_npm/@vant/weapp/action-sheet/index",
        "van-icon": "../../miniprogram_npm/@vant/weapp/icon/index",
        "van-button": "../../miniprogram_npm/@vant/weapp/button/index",
        "van-popup": "../../../../miniprogram_npm/@vant/weapp/popup/index",
        "van-radio-group": "../../../../miniprogram_npm/@vant/weapp/radio-group/index",
        "van-radio": "../../../../miniprogram_npm/@vant/weapp/radio/index"
    },
    "enablePullDownRefresh": true,
    "onReachBottomDistance": 50,
    "navigationBarTitleText": "订单"
}