{
    "component": true,
    "usingComponents": {
        "e": "./d/b/a",
        "f": "./d/y/a",
        "g": "./d/2/a",
        "h": "./d/g/a",
        "i": "./d/l/a",
        "j": "./d/m/a",
        "k": "./d/j/a",
        "l": "./d/o/a",
        "m": "./d/p/a",
        "n": "../../d/-/a",
        "o": "./d/i/a",
        "p": "./d/h/a",
        "q": "./d/d/a",
        "r": "./d/5/a",
        "s": "./d/v/a",
        "t": "./d/t/a",
        "u": "./d/w/a",
        "w": "./d/c/a",
        "x": "./d/6/b",
        "y": "./d/n/a",
        "z": "./d/z/a",
        "_": "./d/k/a",
        "aa": "../../d/bm/a",
        "ab": "../q/a",
        "ac": "./d/s/a",
        "ad": "./d/a/a",
        "ae": "./d/r/a",
        "af": "./d/7/a",
        "ag": "./d/e/a",
        "ah": "./d/1/a",
        "ai": "./d/0/a",
        "aj": "./d/f/a",
        "ak": "./d/8/a",
        "al": "./d/4/a",
        "am": "./d/x/a",
        "an": "./d/u/a",
        "ao": "./d/q/a",
        "ap": "./d/3/a",
        "aq": "../m/a"
    }
}