{
    "navigationBarTitleText": "得物App",
    "enablePullDownRefresh": true,
    "navigationBarBackgroundColor": "#ffffff",
    "usingComponents": {
        "loadmore": "/components/loadmore/index",
        "scroll-title": "/components/ScrollTitle/ScrollTitle",
        "search-bar": "/pages/index/components/search-bar",
        "swiper-banner": "/pages/index/components/swiper-banner",
        "declaration-bar": "/pages/index/components/declaration-bar",
        "hot-list": "/pages/index/components/hot-list",
        "down-load-modal": "/components/download-modal/index",
        "activity-entery": "/pages/index/components/activity-entery",
        "kingkong-entry": "/pages/index/components/kingkong-entry",
        "promotion": "/pages/index/components/promotion",
        "painter": "/wxcomponents/painter/painter",
        "zan-badge": "/components/badge/badge/index",
        "uni-popup": "/components/uni-popup/uni-popup",
        "dev-panel": "/components/devPanel/index",
        "protocol-pop-up": "/pages/login/components/protocol-popup"
    }
}