{
    "navigationStyle": "custom",
    "-wx-navigationStyle": "custom",
    "navigationBarBackgroundColor": "#FF6633",
    "navigationBarTextStyle": "white",
    "enablePullDownRefresh": true,
    "backgroundColor": "#111111",
    "usingComponents": {
        "navigation-bar": "../../components/navigation-bar/index",
        "filter-tab": "./components/filter-tab/index",
        "home-post-card": "./components/home-post-card/index",
        "lx-module": "../../components/lx-module/index",
        "post-card": "../../components/post-card/index",
        "add-tips": "../../components/add-tips/index",
        "help-activity": "../../components/activity-dialog-group/activity-entry/index",
        "mtgroup-dialog": "../../components/mtgroup-dialog/index",
        "mtgroup-toast": "../../components/mtgroup-toast/index",
        "mtgroup-privacy-dialog": "../../components/mtgroup-privacy-dialog/index"
    }
}