{
    "usingComponents": {
        "easy-modal": "/components/easy-modal/easy/easyModal",
        "contact-alert-modal": "/components/contact-alert/contact-alert",
        "vip-block-modal": "/components/vip-block-modal/vip-block-modal",
        "ad-item": "/components/ad-item/ad-item",
        "section-ad-item": "/components/section-ad-item/section-ad-item",
        "used-vessel-item": "/components/used-vessel-item/used-vessel-item",
        "great-pallet-advert": "/components/great-pallet-advert/great-pallet-advert",
        "copyright": "/components/copyright/copyright",
        "sailor-exam-item": "/components/sailor-exam-item/sailor-exam-item"
    }
}