{
    "navigationBarTitleText": "答题结果",
    "navigationStyle": "custom",
    "enablePullDownRefresh": false,
    "usingComponents": {
        "u-navbar": "/uview-ui/components/u-navbar/u-navbar",
        "everyday": "/components/everyday",
        "contact": "/components/contact",
        "zaddress": "/components/zaddress",
        "dwselect": "/components/dwselect",
        "zsshow": "/components/zsshow",
        "canvasimage": "/components/canvasimage",
        "city-select": "/components/u-city-select"
    }
}