{
    "component": true,
    "usingComponents": {
        "category-tab": "../../../../components/tab-comp/index",
        "lx-module": "../../../../components/lx-module/index",
        "popup": "../../../../components/popup/index",
        "sticky": "../../../../components/sticky/index",
        "tree-select": "../../../../components/tree-select/index",
        "leaderboard-card": "../leaderboard-card/index",
        "mtgroup-dialog": "../../../../components/mtgroup-dialog/index",
        "mtgroup-toast": "../../../../components/mtgroup-toast/index",
        "mtgroup-privacy-dialog": "../../../../components/mtgroup-privacy-dialog/index"
    }
}