{
    "component": true,
    "navigationBarTitleText": "企业认证",
    "usingComponents": {
        "van-search": "../../miniprogram_npm/@vant/weapp/search/index",
        "van-field": "../../miniprogram_npm/@vant/weapp/field/index",
        "van-toast": "../../miniprogram_npm/@vant/weapp/toast/index",
        "van-dialog": "../../miniprogram_npm/@vant/weapp/dialog/index",
        "van-picker": "../../miniprogram_npm/@vant/weapp/picker/index",
        "van-popup": "../../miniprogram_npm/@vant/weapp/popup/index",
        "van-cell": "../../miniprogram_npm/@vant/weapp/cell/index",
        "van-cell-group": "../../miniprogram_npm/@vant/weapp/cell-group/index",
        "van-action-sheet": "../../miniprogram_npm/@vant/weapp/action-sheet/index",
        "van-icon": "../../miniprogram_npm/@vant/weapp/icon/index",
        "van-button": "../../miniprogram_npm/@vant/weapp/button/index",
        "van-radio-group": "../../../../miniprogram_npm/@vant/weapp/radio-group/index",
        "van-radio": "../../../../miniprogram_npm/@vant/weapp/radio/index"
    }
}