{
    "component": true,
    "usingComponents": {
        "app-polite-modal": "/components/basic-component/app-layout/app-polite-modal",
        "app-newcomers-modal": "/components/basic-component/app-layout/app-newcomers-modal",
        "app-tab-bar": "/components/basic-component/app-tab-bar/app-tab-bar",
        "app-payment": "/components/basic-component/app-layout/app-payment/app-payment",
        "app-user-login": "/components/basic-component/app-layout/app-user-login/app-user-login",
        "app-loading": "/components/basic-component/app-loading/app-loading",
        "app-report-error": "/components/basic-component/app-report-error/app-report-error",
        "app-prompt-box": "/components/basic-component/app-prompt-box/app-prompt-box",
        "app-coupon-modal": "/components/basic-component/app-layout/app-coupon-modal/app-coupon-modal",
        "app-button": "/components/basic-component/app-button/app-button",
        "app-form-id": "/components/basic-component/app-form-id/app-form-id",
        "app-layout": "/components/basic-component/app-layout/app-layout",
        "app-input": "/components/basic-component/app-input/app-input",
        "app-jump-button": "/components/basic-component/app-jump-button/app-jump-button",
        "app-load-text": "/components/basic-component/app-load-text/app-load-text",
        "app-image": "/components/basic-component/app-image/app-image",
        "app-member-price": "/components/page-component/app-member-mark/app-member-price",
        "app-sup-vip": "/components/page-component/app-sup-vip/app-sup-vip"
    }
}