{
    "navigationStyle": "custom",
    "usingComponents": {
        "nav-bar": "/components/nav-bar/nav-bar",
        "upgrade-modal": "/components/upgrade-modal/upgrade-modal",
        "add-to-my-bar": "/components/add-to-my-bar/add-to-my-bar",
        "category-panel": "/components/category-panel/category-panel",
        "global-mask": "/components/global-mask/global-mask",
        "ad-widget": "/components/global-ad-widget/global-ad-widget",
        "error-guide-modal": "/components/error-guide-modal/error-guide-modal"
    }
}