{
    "component": true,
    "usingComponents": {
        "t-swiper": "../../miniprogram_npm/tdesign-miniprogram/swiper/swiper",
        "t-navbar": "../../miniprogram_npm/tdesign-miniprogram/navbar/navbar",
        "t-grid": "../../miniprogram_npm/tdesign-miniprogram/grid/grid",
        "t-grid-item": "../../miniprogram_npm/tdesign-miniprogram/grid-item/grid-item",
        "t-dropdown-menu": "../../miniprogram_npm/tdesign-miniprogram/dropdown-menu/dropdown-menu",
        "t-dropdown-item": "../../miniprogram_npm/tdesign-miniprogram/dropdown-item/dropdown-item",
        "t-tabs": "../../miniprogram_npm/tdesign-miniprogram/tabs/tabs",
        "t-tab-panel": "../../miniprogram_npm/tdesign-miniprogram/tab-panel/tab-panel",
        "list-three": "./list-three/list",
        "t-loading": "../../miniprogram_npm/tdesign-miniprogram/loading/loading",
        "t-back-top": "../../miniprogram_npm/tdesign-miniprogram/back-top/back-top",
        "t-button": "../../miniprogram_npm/tdesign-miniprogram/button/button",
        "t-popup": "../../miniprogram_npm/tdesign-miniprogram/popup/popup",
        "t-message": "../../miniprogram_npm/tdesign-miniprogram/message/message",
        "t-empty": "../../miniprogram_npm/tdesign-miniprogram/empty/empty",
        "cell": "plugin://wx4d2deeab3aed6e5a/cell"
    },
    "enablePullDownRefresh": true,
    "navigationStyle": "custom",
    "navigationBarTitleText": "封面派"
}