{
    "component": true,
    "usingComponents": {
        "xm-footer": "../../components/footer/index",
        "xm-form-item": "../../components/formItem/index",
        "xm-phone-input": "../../components/phone-input/index",
        "xm-code-input": "../../components/code-input/index",
        "captcha": "../../inner_modules/@xmly/captcha-xmlite/dist/component/captcha/index",
        "ad-widget": "/components/global-ad-widget/global-ad-widget",
        "error-guide-modal": "/components/error-guide-modal/error-guide-modal",
        "global-mask": "/components/global-mask/global-mask"
    }
}