{"subPackages":[{"root":"package/"}],"entryPagePath":"pages/list/list.html","pages":["pages/list/list","pages/index/index","pages/user/user","pages/test/test","pages/pgaTest/pgaTest","pages/coverDetails/coverDetails","pages/cover/cover","pages/coverUrl/coverUrl","pages/authentication/authentication","pages/onePage/onePage","package/pages/subIndex/subIndex","package/pages/subTest/subTest"],"page":{"pages/list/list.html":{"window":{"component":true,"navigationBarTitleText":"封面派","enablePullDownRefresh":true,"navigationStyle":"custom"}},"pages/index/index.html":{"window":{"component":true,"navigationBarTitleText":"封面派","enablePullDownRefresh":true,"navigationStyle":"custom"}},"pages/user/user.html":{"window":{"navigationStyle":"custom"}},"pages/test/test.html":{"window":{}},"pages/pgaTest/pgaTest.html":{"window":{}},"pages/coverDetails/coverDetails.html":{"window":{"component":true,"enablePullDownRefresh":true,"navigationStyle":"custom","navigationBarTitleText":"微信红包封面详情"}},"pages/cover/cover.html":{"window":{"navigationBarTitleText":"校验用户领取身份"}},"pages/coverUrl/coverUrl.html":{"window":{}},"pages/authentication/authentication.html":{"window":{"navigationBarTitleText":"用户登录授权"}},"pages/onePage/onePage.html":{"window":{"component":true}},"package/pages/subIndex/subIndex.html":{"window":{}},"package/pages/subTest/subTest.html":{"window":{}}},"global":{"window":{"backgroundColor":"#F6F6F6","backgroundTextStyle":"light","navigationBarBackgroundColor":"#F6F6F6","navigationBarTitleText":"封面派","navigationBarTextStyle":"black"}},"plugins":{"materialPlugin":{"version":"1.0.8","provider":"wx4d2deeab3aed6e5a","subpackage":"__APP__"}},"renderer":{"allUsed":["webview"],"default":"webview"},"resolveAlias":{"@/*":"/*"}}