{
    "navigationStyle": "custom",
    "navigationBarTitleText": "分享拼场",
    "usingComponents": {
        "Navigation-Bar": "../../../components/navigation-bar/index",
        "user-info-modal": "../../../components/user-info-modal/index",
        "avatar-upload-dialog": "../../../components/avatar-upload-dialog/index",
        "activity-popup": "../../../components/activity-popup/index",
        "mtgroup-dialog": "../../../components/mtgroup-dialog/index",
        "mtgroup-toast": "../../../components/mtgroup-toast/index",
        "mtgroup-privacy-dialog": "../../../components/mtgroup-privacy-dialog/index"
    }
}