{
    "navigationBarTitleText": "测试详情",
    "usingComponents": {
        "van-sticky": "../../miniprogram_npm/@vant/weapp/sticky/index",
        "van-image": "../../miniprogram_npm/@vant/weapp/image/index",
        "Comment": "../../components/Comment/Comment",
        "header-nav": "../../components/HeaderNav/HeaderNav",
        "price": "../../components/Price/Price",
        "exam-card": "../../components/ExamCard/ExamCard",
        "rich-flexible": "../../components/RichFlexible/RichFlexible",
        "LoginBtn": "../../components/LoginBtn/LoginBtn",
        "mini-player": "../../components/MiniPlayer/MiniPlayer",
        "root": "../../components/Root/Root"
    },
    "navigationStyle": "custom"
}