{
    "navigationBarTitleText": "发现新玩法",
    "navigationBarBackgroundColor": "#111111",
    "navigationBarTextStyle": "white",
    "backgroundColor": "#111111",
    "usingComponents": {
        "waterfall-comp": "../../components/waterfall-comp/index",
        "waterfall-item": "./components/waterfall-item/index",
        "tab-comp": "../../components/tab-comp/index",
        "Partner-Cards": "./components/partner-cards/index",
        "mtgroup-dialog": "../../components/mtgroup-dialog/index",
        "mtgroup-toast": "../../components/mtgroup-toast/index",
        "mtgroup-privacy-dialog": "../../components/mtgroup-privacy-dialog/index"
    }
}