{
    "navigationBarBackgroundColor": "#ffffff",
    "navigationStyle": "custom",
    "usingComponents": {
        "nav-bar": "/components/nav-bar/nav-bar",
        "item-cover": "/components/item-cover/item-cover",
        "play-control": "/components/play-control/play-control",
        "track-intro": "/components/track-intro/track-intro",
        "comment-list": "/components/comment-list/comment-list",
        "price-modal": "/components/price-modal/price-modal",
        "open-app": "/components/open-app/open-app",
        "like-modal": "/components/like-modal/like-modal",
        "share-bubble-modal": "/components/share-bubble-modal/share-bubble-modal",
        "share-panel": "/components/share-panel/share-panel",
        "poster-modal": "/components/poster-modal/poster-modal",
        "open-setting-modal": "/components/open-setting-modal/open-setting-modal",
        "homepage-list": "/components/homepage-components/homepage-list/homepage-list",
        "back-to-top": "/components/back-to-top/back-to-top",
        "anchor-tip": "/components/anchor-guide-tip/index",
        "count-down": "/components/count-down/index",
        "subscribe-btn": "/components/subscribe-btn/index",
        "global-mask": "/components/global-mask/global-mask",
        "ad-widget": "/components/global-ad-widget/global-ad-widget",
        "error-guide-modal": "/components/error-guide-modal/error-guide-modal"
    }
}