{
    "navigationBarTitleText": "地址管理",
    "enablePullDownRefresh": false,
    "usingComponents": {
        "u-empty": "/uview-ui/components/u-empty/u-empty",
        "u-radio-group": "/uview-ui/components/u-radio-group/u-radio-group",
        "u-radio": "/uview-ui/components/u-radio/u-radio",
        "zaddress": "/components/zaddress",
        "dwselect": "/components/dwselect",
        "zsshow": "/components/zsshow",
        "canvasimage": "/components/canvasimage",
        "city-select": "/components/u-city-select"
    }
}