{
    "component": true,
    "usingComponents": {
        "xmpage-account": "../pages/account/index",
        "xmpage-bind-phone": "../pages/bindPhone/index",
        "xmpage-check-phone": "../pages/checkPhone/index",
        "xmpage-login": "../pages/login/login",
        "xmpage-smscode": "../pages/smscode/index",
        "xm-footer": "../components/footer/index",
        "xm-header-tip": "../components/header-tip-text/index",
        "ad-widget": "/components/global-ad-widget/global-ad-widget",
        "error-guide-modal": "/components/error-guide-modal/error-guide-modal",
        "global-mask": "/components/global-mask/global-mask"
    }
}