{
    "usingComponents": {
        "mtgroup-switch": "../../../components/mtgroup-switch/index",
        "lx-module": "../../../components/lx-module/index",
        "mtgroup-dialog": "../../../components/mtgroup-dialog/index",
        "mtgroup-toast": "../../../components/mtgroup-toast/index",
        "mtgroup-privacy-dialog": "../../../components/mtgroup-privacy-dialog/index"
    },
    "navigationBarTitleText": "设置",
    "disableScroll": true,
    "navigationBarBackgroundColor": "#111",
    "navigationBarTextStyle": "white"
}