{
    "usingComponents": {
        "base-modal": "/components/easy-modal/base/baseModal",
        "easy-modal": "/components/easy-modal/easy/easyModal",
        "contact-alert-modal": "/components/contact-alert/contact-alert",
        "vip-block-modal": "/components/vip-block-modal/vip-block-modal",
        "advert": "/components/advert/advert",
        "copyright": "/components/copyright/copyright",
        "used-vessel-item": "/components/used-vessel-item/used-vessel-item",
        "pallet-item": "/components/pallet-item/pallet-item",
        "conatct-pallet-limit": "/components/contact-pallet-limit/conatct-pallet-limit",
        "ad-item": "/components/ad-item/ad-item",
        "section-ad-item": "/components/section-ad-item/section-ad-item",
        "sailor-exam-item": "/components/sailor-exam-item/sailor-exam-item"
    }
}