{
    "component": true,
    "usingComponents": {
        "app-diy-list": "/components/page-component/index/app-diy-list",
        "app-search-for": "/components/page-component/app-search-for/app-search-for",
        "app-swiper": "/components/page-component/app-swiper/app-swiper",
        "u-announcement": "/components/page-component/u-announcement/u-announcement",
        "app-navigation-icon": "/components/page-component/app-navigation-icon/app-navigation-icon",
        "app-navigation-two-icon": "/components/page-component/app-navigation-icon/app-navigation-two-icon",
        "app-video": "/components/page-component/app-video/app-video",
        "app-associated-link": "/components/page-component/app-associated-link/app-associated-link",
        "app-special-topic": "/components/page-component/app-special-topic/app-special-topic-normal",
        "app-special-topic-list": "/components/page-component/app-special-topic/app-special-topic-list",
        "app-image-ad": "/components/page-component/app-image-ad/app-image-ad",
        "app-hotspot": "/components/basic-component/app-hotspot/app-hotspot",
        "app-shop": "/components/page-component/app-shop/app-shop",
        "app-copyright": "/components/page-component/app-copyright/app-copyright",
        "app-user-center": "/components/page-component/app-user-center-top/app-user-center-top",
        "app-my-order": "/components/page-component/app-my-order/app-my-order",
        "app-recommended-product-list": "/components/page-component/app-recommended-product/app-recommended-product-list",
        "app-exclusive-coupon": "/components/page-component/app-exclusive-coupon/app-exclusive-coupon",
        "app-exclusive-coupon-two": "/components/page-component/app-exclusive-coupon/app-exclusive-coupon-two",
        "app-diy-timer": "/components/page-component/app-diy-timer/app-diy-timer",
        "app-goods-shop": "/components/page-component/app-good-shop-recommendation/app-good-shop-recommendation",
        "app-empty": "/components/basic-component/app-empty/app-empty",
        "app-popup-ad": "/components/page-component/app-popup-ad/app-popup-ad",
        "app-quick-navigation": "/components/page-component/app-quick-navigation/app-quick-navigation",
        "app-check-in": "/components/page-component/app-check-in/app-check-in",
        "app-rich": "/components/basic-component/app-rich/parse",
        "diy-form": "/components/page-component/diy-form/diy-form",
        "app-diy-form": "/components/page-component/app-diy-form/app-diy-form",
        "app-vip-card": "/components/page-component/app-vip-card/app-vip-card",
        "app-diy-m-goods-list": "/components/page-component/app-diy-goods-list/app-diy-m-goods-list",
        "app-map": "/components/page-component/app-map/app-map",
        "app-ad": "/components/page-component/app-ad/app-ad",
        "app-module": "/components/page-component/index/app-module",
        "app-video-live": "/components/page-component/app-video-live/app-video-live",
        "app-live": "/components/page-component/app-live/app-live",
        "u-swiper": "/components/page-component/app-swiper/swiper",
        "app-customer": "/components/page-component/app-customer/app-customer",
        "app-zhongcao": "/components/page-component/app-zhongcao/app-zhongcao",
        "app-goods-list-cat": "/components/page-component/app-goods-list-cat/app-goods-list-cat",
        "app-quick-shop-cart": "/components/page-component/app-goods-list-cat/app-quick-shop-cart",
        "app-button": "/components/basic-component/app-button/app-button",
        "app-form-id": "/components/basic-component/app-form-id/app-form-id",
        "app-layout": "/components/basic-component/app-layout/app-layout",
        "app-input": "/components/basic-component/app-input/app-input",
        "app-jump-button": "/components/basic-component/app-jump-button/app-jump-button",
        "app-load-text": "/components/basic-component/app-load-text/app-load-text",
        "app-image": "/components/basic-component/app-image/app-image",
        "app-member-price": "/components/page-component/app-member-mark/app-member-price",
        "app-sup-vip": "/components/page-component/app-sup-vip/app-sup-vip"
    }
}