{
    "navigationStyle": "custom",
    "usingComponents": {
        "custom-navigation": "/components/customNavigation/customNavigation",
        "protocol-agreed": "/pages/login/components/protocol-agreed-component",
        "painter": "/wxcomponents/painter/painter",
        "zan-badge": "/components/badge/badge/index",
        "uni-popup": "/components/uni-popup/uni-popup",
        "dev-panel": "/components/devPanel/index",
        "protocol-pop-up": "/pages/login/components/protocol-popup"
    }
}