{
    "usingComponents": {
        "ship-item": "/components/ship-item/ship-item",
        "ad-item": "/components/ad-item/ad-item",
        "sandstone-item": "/components/sandstone-item/sandstone-item",
        "section-ad-item": "/components/section-ad-item/section-ad-item",
        "used-vessel-item": "/components/used-vessel-item/used-vessel-item",
        "great-pallet-advert": "/components/great-pallet-advert/great-pallet-advert",
        "great-pallet-upgrade-done": "/components/great-pallet-upgrade-done/great-pallet-upgrade-done",
        "weights-selector": "/components/weights-selector/weightsSelector",
        "cargo-name-selector": "/components/cargo-name-selector/cargoNameSelector",
        "single-port-selector": "/components/single-port-selector/singlePortSelector",
        "multi-ports-selector": "/components/multi-ports-selector/multiPortsSelector",
        "search-condition": "/components/search-condition/search-condition",
        "easy-modal": "/components/easy-modal/easy/easyModal",
        "deadbeat-block-modal": "/components/deadbeat-block-modal/deadbeat-block-modal",
        "copyright": "/components/copyright/copyright"
    },
    "enablePullDownRefresh": true
}