{
    "navigationBarBackgroundColor": "#ffffff",
    "navigationStyle": "custom",
    "usingComponents": {
        "program-list": "/components/program-list/program-list",
        "player-bar": "/components/player-bar/player-bar",
        "nav-bar": "/components/nav-bar/nav-bar",
        "item-cover": "/components/item-cover/item-cover",
        "price-bar": "/components/price-bar/price-bar",
        "album-corner": "/components/album-corner/album-corner",
        "open-app": "/components/open-app/open-app",
        "share-bubble-modal": "/components/share-bubble-modal/share-bubble-modal",
        "share-panel": "/components/share-panel/share-panel",
        "poster-modal": "/components/poster-modal/poster-modal",
        "open-setting-modal": "/components/open-setting-modal/open-setting-modal",
        "anchor-tip": "/components/anchor-guide-tip/index",
        "score-star": "/components/score-star/score-star",
        "count-down": "/components/count-down/index",
        "no-content": "/components/no-content/index",
        "subscribe-modal": "/components/subscribe-modal/subscribe-modal",
        "subscribe-tip": "/components/subscribe-tip/subscribe-tip",
        "subscribe-btn": "/components/subscribe-btn/index",
        "camp-price-bar": "./components/camp-price-bar/index",
        "camp-info-bar": "./components/camp-info-bar/index",
        "global-mask": "/components/global-mask/global-mask",
        "ad-widget": "/components/global-ad-widget/global-ad-widget",
        "error-guide-modal": "/components/error-guide-modal/error-guide-modal"
    }
}