{
    "navigationBarTitleText": "订单管理",
    "usingComponents": {
        "u-subsection": "/uview-ui/components/u-subsection/u-subsection",
        "u-icon": "/uview-ui/components/u-icon/u-icon",
        "u-search": "/uview-ui/components/u-search/u-search",
        "u-empty": "/uview-ui/components/u-empty/u-empty",
        "u-popup": "/uview-ui/components/u-popup/u-popup",
        "u-input": "/uview-ui/components/u-input/u-input",
        "u-field": "/uview-ui/components/u-field/u-field",
        "tki-qrcode": "/components/tki-qrcode/tki-qrcode",
        "u-modal": "/uview-ui/components/u-modal/u-modal",
        "ly-tree-node": "/pages/pageRelay/ly-tree/ly-tree-node"
    }
}