{
    "navigationBarTitleText": "商品购买",
    "usingComponents": {
        "u-icon": "/uview-ui/components/u-icon/u-icon",
        "u-field": "/uview-ui/components/u-field/u-field",
        "u-number-box": "/uview-ui/components/u-number-box/u-number-box",
        "u-checkbox": "/uview-ui/components/u-checkbox/u-checkbox",
        "u-popup": "/uview-ui/components/u-popup/u-popup",
        "u-modal": "/uview-ui/components/u-modal/u-modal",
        "ly-tree-node": "/pages/pageRelay/ly-tree/ly-tree-node"
    }
}