{
    "navigationBarTextStyle": "white",
    "navigationStyle": "custom",
    "navigationBarTitleText": "商品接龙",
    "backgroundColor": "#f0eff4",
    "usingComponents": {
        "u-icon": "/uview-ui/components/u-icon/u-icon",
        "u-image": "/uview-ui/components/u-image/u-image",
        "u-loading": "/uview-ui/components/u-loading/u-loading",
        "u-count-down": "/uview-ui/components/u-count-down/u-count-down",
        "u-search": "/uview-ui/components/u-search/u-search",
        "zb-tooltip": "/uni_modules/zb-tooltip/components/zb-tooltip/zb-tooltip",
        "u-tabs": "/uview-ui/components/u-tabs/u-tabs",
        "u-empty": "/uview-ui/components/u-empty/u-empty",
        "u-popup": "/uview-ui/components/u-popup/u-popup",
        "u-number-box": "/uview-ui/components/u-number-box/u-number-box",
        "u-input": "/uview-ui/components/u-input/u-input",
        "u-action-sheet": "/uview-ui/components/u-action-sheet/u-action-sheet",
        "dc-hiro-painter": "/components/dc-hiro-painter/dc-hiro-painter",
        "login-pop": "/components/login-pop/login-pop",
        "u-skeleton": "/uview-ui/components/u-skeleton/u-skeleton",
        "ly-tree-node": "/pages/pageRelay/ly-tree/ly-tree-node"
    }
}