{
    "component": true,
    "usingComponents": {
        "lx-module": "../../../../components/lx-module/index",
        "Overlay": "../../../../components/overlay/index",
        "Sliding-Card": "../partner/card/index",
        "Partner": "../partner/index/index",
        "User-Profile": "../partner/user-profile/index",
        "mtgroup-dialog": "../../../../components/mtgroup-dialog/index",
        "mtgroup-toast": "../../../../components/mtgroup-toast/index",
        "mtgroup-privacy-dialog": "../../../../components/mtgroup-privacy-dialog/index"
    }
}